plan,run,kernel,threads,mlups,gflops,bw_gibs,stdev_ms,migrations
A1,scheduler,stencil,8,,,,,0
A1,scheduler,stencil,16,,,,,0
A1,scheduler,stencil,32,,,,,0
A1,scheduler,stencil,64,,,,,1.0
A1,scheduler,stencil,128,,,,,32.0
A1,scheduler,spmv_static,8,,,,,0
A1,scheduler,spmv_static,16,,,,,6.0
A1,scheduler,spmv_static,32,,,,,0
A1,scheduler,spmv_static,64,,,,,1.0
A1,scheduler,spmv_static,128,,,,,20.0
A2,scheduler,stencil,8,,,,,1.0
A2,scheduler,stencil,16,,,,,5.0
A2,scheduler,stencil,32,,,,,4.0
A2,scheduler,stencil,64,,,,,17.0
A2,scheduler,stencil,128,,,,,53.0
A2,scheduler,spmv_static,8,,,,,0
A2,scheduler,spmv_static,16,,,,,3.0
A2,scheduler,spmv_static,32,,,,,0
A2,scheduler,spmv_static,64,,,,,5.0
A2,scheduler,spmv_static,128,,,,,10.0
B1,scheduler,stencil,8,,,,,0
B1,scheduler,stencil,16,,,,,0
B1,scheduler,stencil,32,,,,,0
B1,scheduler,stencil,64,,,,,0
B1,scheduler,stencil,128,,,,,26.0
B1,scheduler,spmv_static,8,,,,,0
B1,scheduler,spmv_static,16,,,,,4.0
B1,scheduler,spmv_static,32,,,,,0
B1,scheduler,spmv_static,64,,,,,0
B1,scheduler,spmv_static,128,,,,,15.0
B2,scheduler,stencil,8,,,,,0
B2,scheduler,stencil,16,,,,,0
B2,scheduler,stencil,32,,,,,0
B2,scheduler,stencil,64,,,,,0
B2,scheduler,stencil,128,,,,,14.0
B2,scheduler,spmv_static,8,,,,,0
B2,scheduler,spmv_static,16,,,,,1.0
B2,scheduler,spmv_static,32,,,,,0
B2,scheduler,spmv_static,64,,,,,3.0
B2,scheduler,spmv_static,128,,,,,9.0
B3,scheduler,stencil,8,,,,,0
B3,scheduler,stencil,16,,,,,0
B3,scheduler,stencil,32,,,,,0
B3,scheduler,stencil,64,,,,,14.0
B3,scheduler,stencil,128,,,,,36.0
B3,scheduler,spmv_static,8,,,,,0
B3,scheduler,spmv_static,16,,,,,5.0
B3,scheduler,spmv_static,32,,,,,0
B3,scheduler,spmv_static,64,,,,,12.0
B3,scheduler,spmv_static,128,,,,,27.0
BASE,scheduler,stencil,8,,,,,0
BASE,scheduler,stencil,16,,,,,2.0
BASE,scheduler,stencil,32,,,,,0
BASE,scheduler,stencil,64,,,,,11.0
BASE,scheduler,stencil,128,,,,,27.0
BASE,scheduler,spmv_static,8,,,,,0
BASE,scheduler,spmv_static,16,,,,,4.0
BASE,scheduler,spmv_static,32,,,,,1.0
BASE,scheduler,spmv_static,64,,,,,10.0
BASE,scheduler,spmv_static,128,,,,,26.0
C1,scheduler,stencil,8,,,,,0
C1,scheduler,stencil,16,,,,,0
C1,scheduler,stencil,32,,,,,0
C1,scheduler,stencil,64,,,,,11.0
C1,scheduler,stencil,128,,,,,28.0
C1,scheduler,spmv_static,8,,,,,0
C1,scheduler,spmv_static,16,,,,,5.0
C1,scheduler,spmv_static,32,,,,,1.0
C1,scheduler,spmv_static,64,,,,,2.0
C1,scheduler,spmv_static,128,,,,,10.0
C2,scheduler,stencil,8,,,,,0
C2,scheduler,stencil,16,,,,,0
C2,scheduler,stencil,32,,,,,0
C2,scheduler,stencil,64,,,,,12.0
C2,scheduler,stencil,128,,,,,16.0
C2,scheduler,spmv_static,8,,,,,0
C2,scheduler,spmv_static,16,,,,,3.0
C2,scheduler,spmv_static,32,,,,,2.0
C2,scheduler,spmv_static,64,,,,,6.0
C2,scheduler,spmv_static,128,,,,,5.0
C3,scheduler,stencil,8,,,,,0
C3,scheduler,stencil,16,,,,,0
C3,scheduler,stencil,32,,,,,0
C3,scheduler,stencil,64,,,,,2.0
C3,scheduler,stencil,128,,,,,1.0
C3,scheduler,spmv_static,8,,,,,0
C3,scheduler,spmv_static,16,,,,,1.0
C3,scheduler,spmv_static,32,,,,,1.0
C3,scheduler,spmv_static,64,,,,,2.0
C3,scheduler,spmv_static,128,,,,,1.0
D1,scheduler,stencil,8,,,,,0
D1,scheduler,stencil,16,,,,,0
D1,scheduler,stencil,32,,,,,5.0
D1,scheduler,stencil,64,,,,,5.0
D1,scheduler,stencil,128,,,,,34.0
D1,scheduler,spmv_static,8,,,,,1.0
D1,scheduler,spmv_static,16,,,,,5.0
D1,scheduler,spmv_static,32,,,,,2.0
D1,scheduler,spmv_static,64,,,,,7.0
D1,scheduler,spmv_static,128,,,,,17.0
A1,spread_baseline,stencil,8,,,,,
A1,spread_baseline,stencil,16,,,,,
A1,spread_baseline,stencil,32,,,,,
A1,spread_baseline,stencil,64,,,,,
A1,spread_baseline,stencil,128,,,,,
A1,spread_baseline,spmv_static,8,,,,,
A1,spread_baseline,spmv_static,16,,,,,
A1,spread_baseline,spmv_static,32,,,,,
A1,spread_baseline,spmv_static,64,,,,,
A1,spread_baseline,spmv_static,128,,,,,
A2,spread_baseline,stencil,8,,,,,
A2,spread_baseline,stencil,16,,,,,
A2,spread_baseline,stencil,32,,,,,
A2,spread_baseline,stencil,64,,,,,
A2,spread_baseline,stencil,128,,,,,
A2,spread_baseline,spmv_static,8,,,,,
A2,spread_baseline,spmv_static,16,,,,,
A2,spread_baseline,spmv_static,32,,,,,
A2,spread_baseline,spmv_static,64,,,,,
A2,spread_baseline,spmv_static,128,,,,,
B1,spread_baseline,stencil,8,,,,,
B1,spread_baseline,stencil,16,,,,,
B1,spread_baseline,stencil,32,,,,,
B1,spread_baseline,stencil,64,,,,,
B1,spread_baseline,stencil,128,,,,,
B1,spread_baseline,spmv_static,8,,,,,
B1,spread_baseline,spmv_static,16,,,,,
B1,spread_baseline,spmv_static,32,,,,,
B1,spread_baseline,spmv_static,64,,,,,
B1,spread_baseline,spmv_static,128,,,,,
B2,spread_baseline,stencil,8,,,,,
B2,spread_baseline,stencil,16,,,,,
B2,spread_baseline,stencil,32,,,,,
B2,spread_baseline,stencil,64,,,,,
B2,spread_baseline,stencil,128,,,,,
B2,spread_baseline,spmv_static,8,,,,,
B2,spread_baseline,spmv_static,16,,,,,
B2,spread_baseline,spmv_static,32,,,,,
B2,spread_baseline,spmv_static,64,,,,,
B2,spread_baseline,spmv_static,128,,,,,
B3,spread_baseline,stencil,8,,,,,
B3,spread_baseline,stencil,16,,,,,
B3,spread_baseline,stencil,32,,,,,
B3,spread_baseline,stencil,64,,,,,
B3,spread_baseline,stencil,128,,,,,
B3,spread_baseline,spmv_static,8,,,,,
B3,spread_baseline,spmv_static,16,,,,,
B3,spread_baseline,spmv_static,32,,,,,
B3,spread_baseline,spmv_static,64,,,,,
B3,spread_baseline,spmv_static,128,,,,,
BASE,spread_baseline,stencil,8,,,,,
BASE,spread_baseline,stencil,16,,,,,
BASE,spread_baseline,stencil,32,,,,,
BASE,spread_baseline,stencil,64,,,,,
BASE,spread_baseline,stencil,128,,,,,
BASE,spread_baseline,spmv_static,8,,,,,
BASE,spread_baseline,spmv_static,16,,,,,
BASE,spread_baseline,spmv_static,32,,,,,
BASE,spread_baseline,spmv_static,64,,,,,
BASE,spread_baseline,spmv_static,128,,,,,
C1,spread_baseline,stencil,8,,,,,
C1,spread_baseline,stencil,16,,,,,
C1,spread_baseline,stencil,32,,,,,
C1,spread_baseline,stencil,64,,,,,
C1,spread_baseline,stencil,128,,,,,
C1,spread_baseline,spmv_static,8,,,,,
C1,spread_baseline,spmv_static,16,,,,,
C1,spread_baseline,spmv_static,32,,,,,
C1,spread_baseline,spmv_static,64,,,,,
C1,spread_baseline,spmv_static,128,,,,,
C2,spread_baseline,stencil,8,,,,,
C2,spread_baseline,stencil,16,,,,,
C2,spread_baseline,stencil,32,,,,,
C2,spread_baseline,stencil,64,,,,,
C2,spread_baseline,stencil,128,,,,,
C2,spread_baseline,spmv_static,8,,,,,
C2,spread_baseline,spmv_static,16,,,,,
C2,spread_baseline,spmv_static,32,,,,,
C2,spread_baseline,spmv_static,64,,,,,
C2,spread_baseline,spmv_static,128,,,,,
C3,spread_baseline,stencil,8,,,,,
C3,spread_baseline,stencil,16,,,,,
C3,spread_baseline,stencil,32,,,,,
C3,spread_baseline,stencil,64,,,,,
C3,spread_baseline,stencil,128,,,,,
C3,spread_baseline,spmv_static,8,,,,,
C3,spread_baseline,spmv_static,16,,,,,
C3,spread_baseline,spmv_static,32,,,,,
C3,spread_baseline,spmv_static,64,,,,,
C3,spread_baseline,spmv_static,128,,,,,
D1,spread_baseline,stencil,8,,,,,
D1,spread_baseline,stencil,16,,,,,
D1,spread_baseline,stencil,32,,,,,
D1,spread_baseline,stencil,64,,,,,
D1,spread_baseline,stencil,128,,,,,
D1,spread_baseline,spmv_static,8,,,,,
D1,spread_baseline,spmv_static,16,,,,,
D1,spread_baseline,spmv_static,32,,,,,
D1,spread_baseline,spmv_static,64,,,,,
D1,spread_baseline,spmv_static,128,,,,,
