kernel,threads,metric,best_plan,best_value,base_spread,best_vs_base
spmv_static,8,bw_gibs,BASE,79.4440,78.4542,1.013
spmv_static,16,bw_gibs,A1,150.0857,149.8152,1.002
spmv_static,32,bw_gibs,D1,183.0339,220.9285,0.828
spmv_static,64,bw_gibs,B3,191.8890,253.8561,0.756
spmv_static,128,bw_gibs,B2,230.1240,266.1684,0.865
stencil,8,mlups,A1,3022.4412,2932.7150,1.031
stencil,16,mlups,A1,6020.1897,5820.7287,1.034
stencil,32,mlups,A1,11917.9305,11687.8242,1.020
stencil,64,mlups,B3,22603.1396,23342.8867,0.968
stencil,128,mlups,C2,23941.1632,30146.8920,0.794
