config,threads,binding,tool,migration,min_ms,avg_ms,max_ms,stdev_ms,migrations,bw_gibs,mlups_min,mlups_avg,ipc,ratio_rm
stencil_spread,8,spread,no,-,31.045866,31.119930,31.583122,0.111132,0,397.529527,17785.169980,17742.842076,2.432145,0.162634
spmv_static_spread,8,spread,no,-,52.292044,53.115595,54.476038,0.347516,0,78.735525,NA,NA,2.641525,0.103364
stencil_close,8,close,no,-,192.349756,192.669008,193.008454,0.131959,0,64.162537,2870.583335,2865.826793,0.423834,0.108017
spmv_static_close,8,close,no,-,153.623113,153.952616,154.467803,0.143218,0,26.800925,NA,NA,1.565381,0.078996
stencil_nobind,8,none,no,-,31.045176,32.578702,53.431296,5.066637,0,397.538362,17785.565268,16948.373410,2.344592,0.165051
spmv_static_nobind,8,none,no,-,52.027751,53.048858,59.732416,1.634616,0,79.135489,NA,NA,2.642315,0.104191
stencil_obs,8,none,ompt,off,31.099387,32.362064,54.556918,4.546604,0,396.845392,17754.562301,17061.828807,2.464394,0.164128
spmv_static_obs,8,none,ompt,off,52.161153,52.834606,59.683717,1.377755,0,78.933100,NA,NA,1.268796,0.110556
stencil_ovh,8,spread,ompt,off,31.081377,31.276416,31.945496,0.202913,0,397.075343,17764.850122,17654.069188,2.523364,0.162492
spmv_static_ovh,8,spread,ompt,off,51.759018,52.626919,53.512448,0.370029,0,79.546361,NA,NA,1.271872,0.110231
stencil_scheduler,8,none,ompt,on,31.196418,32.986979,56.112716,5.504051,2,395.611074,17699.339841,16738.604870,2.430122,0.164672
spmv_static_scheduler,8,none,ompt,on,52.282924,53.168413,59.866089,1.211964,1,78.749259,NA,NA,1.263594,0.110415
stencil_spread,16,spread,no,-,19.863462,19.911585,20.079364,0.029315,0,621.324139,27797.571440,27730.388882,1.885022,0.117998
spmv_static_spread,16,spread,no,-,26.905170,27.208051,29.237657,0.402215,0,153.027895,NA,NA,2.519589,0.097629
stencil_close,16,close,no,-,98.552610,98.724974,98.921054,0.089433,0,125.229037,5602.652269,5592.870573,0.410276,0.091678
spmv_static_close,16,close,no,-,84.310420,84.524127,84.889637,0.092283,0,48.834314,NA,NA,1.467883,0.084203
stencil_nobind,16,none,no,-,27.669838,28.594174,39.450340,2.916569,0,446.032551,19955.158538,19310.087383,1.428876,0.180633
spmv_static_nobind,16,none,no,-,31.462557,32.275293,35.074398,0.666441,0,130.861631,NA,NA,2.416151,0.111667
stencil_obs,16,none,ompt,off,28.061749,28.520858,34.010266,0.527470,0,439.803251,19676.464357,19359.726297,1.570151,0.148971
spmv_static_obs,16,none,ompt,off,31.500757,32.393358,35.117519,0.615098,0,130.702939,NA,NA,1.099299,0.115105
stencil_ovh,16,spread,ompt,off,20.031918,20.158407,20.280010,0.050938,0,616.099189,27563.811114,27390.855105,1.962124,0.117501
spmv_static_ovh,16,spread,ompt,off,27.352585,27.625736,29.196466,0.201095,0,150.524768,NA,NA,1.208896,0.104374
stencil_scheduler,16,none,ompt,on,27.944932,28.618901,39.189668,0.952054,1,441.641741,19758.717037,19293.403583,1.601008,0.135122
spmv_static_scheduler,16,none,ompt,on,27.558367,30.516600,45.962793,3.381966,2,149.400780,NA,NA,1.149747,0.108227
stencil_spread,32,spread,no,-,18.492177,19.158510,19.754780,0.268757,0,667.398351,29858.896765,28820.405013,1.014347,0.090947
spmv_static_spread,32,spread,no,-,18.315745,18.784276,19.487518,0.223243,0,224.792468,NA,NA,2.191959,0.109699
stencil_close,32,close,no,-,50.518941,50.594902,50.650612,0.028782,0,244.297449,10929.682869,10913.273409,0.404416,0.128784
spmv_static_close,32,close,no,-,44.414489,44.694737,45.154408,0.130996,0,92.700414,NA,NA,1.397156,0.087847
stencil_nobind,32,none,no,-,27.549782,29.003823,42.986113,2.896231,0,447.976265,20042.118809,19037.352651,0.795955,0.073888
spmv_static_nobind,32,none,no,-,22.347859,26.213415,28.417787,1.964128,0,184.234272,NA,NA,1.950160,0.107038
stencil_obs,32,none,ompt,off,27.921671,29.159581,39.267619,2.549721,0,442.009664,19775.177639,18935.663153,0.864352,0.087931
spmv_static_obs,32,none,ompt,off,22.663054,25.463758,28.646008,2.609232,0,181.671964,NA,NA,0.801314,0.119098
stencil_ovh,32,spread,ompt,off,18.653372,19.209664,19.959262,0.248457,0,661.630960,29600.868090,28743.658046,1.032505,0.091318
spmv_static_ovh,32,spread,ompt,off,18.372206,18.743862,19.315736,0.165934,0,224.101642,NA,NA,0.903649,0.118458
stencil_scheduler,32,none,ompt,on,22.439679,25.720898,62.979332,5.424615,4,549.992200,24606.234519,21467.213158,0.933741,0.083350
spmv_static_scheduler,32,none,ompt,on,22.431576,23.510119,28.597992,1.716994,0,183.546690,NA,NA,0.816080,0.116489
stencil_spread,64,spread,no,-,18.270198,18.394540,19.349247,0.141709,0,675.507098,30221.675977,30017.386159,0.562693,0.055720
spmv_static_spread,64,spread,no,-,16.232863,16.507019,16.913490,0.116899,0,253.636190,NA,NA,1.617117,0.140187
stencil_close,64,close,no,-,28.012025,28.055088,28.390150,0.062239,0,440.583943,19711.391947,19681.136337,0.381098,0.116953
spmv_static_close,64,close,no,-,24.794609,24.979692,25.161704,0.072968,0,166.053900,NA,NA,1.287275,0.091966
stencil_nobind,64,none,no,-,27.854804,32.148168,51.439000,5.786337,0,443.070733,19822.649048,17175.349015,0.450145,0.130136
spmv_static_nobind,64,none,no,-,26.269145,28.217143,34.875261,2.546300,0,156.732986,NA,NA,1.250572,0.095749
stencil_obs,64,none,ompt,off,28.058614,29.754116,40.087839,2.569131,0,439.852390,19678.662816,18557.298353,0.462015,0.123440
spmv_static_obs,64,none,ompt,off,23.731806,25.073040,28.642191,1.216864,0,173.490442,NA,NA,0.465928,0.112207
stencil_ovh,64,spread,ompt,off,18.454067,18.732786,20.031765,0.247425,0,668.776613,29920.559192,29475.380289,0.539492,0.056539
spmv_static_ovh,64,spread,ompt,off,16.623688,16.971878,17.729150,0.161895,0,247.673171,NA,NA,0.513959,0.153873
stencil_scheduler,64,none,ompt,on,25.422096,28.992125,50.112545,5.709148,3,485.469350,21719.531072,19045.033774,0.538814,0.108415
spmv_static_scheduler,64,none,ompt,on,23.903296,29.941870,48.484989,4.378401,44,172.245766,NA,NA,0.485250,0.107731
stencil_spread,128,spread,no,-,18.230680,18.313889,19.119430,0.105787,0,676.971371,30287.186435,30149.576958,0.318802,0.128097
spmv_static_spread,128,spread,no,-,15.469874,15.549244,15.889289,0.060505,0,266.145770,NA,NA,1.097493,0.160155
stencil_close,128,close,no,-,18.280906,18.364362,19.038325,0.069787,0,675.111421,30203.973698,30066.713104,0.320596,0.127986
spmv_static_close,128,close,no,-,15.447311,15.542704,15.857506,0.063700,0,266.534514,NA,NA,1.095819,0.149982
stencil_nobind,128,none,no,-,24.964987,26.040653,29.071683,1.122554,0,494.358296,22117.215763,21203.615558,0.384353,0.161753
spmv_static_nobind,128,none,no,-,20.693692,22.951652,26.058282,1.648434,0,198.961187,NA,NA,0.991731,0.121528
stencil_obs,128,none,ompt,off,20.197517,22.095557,30.380200,2.131544,0,611.047805,27337.816030,24989.458009,0.360438,0.132256
spmv_static_obs,128,none,ompt,off,18.424858,20.412274,26.563209,1.786233,0,223.461235,NA,NA,0.376442,0.154249
stencil_ovh,128,spread,ompt,off,18.870103,19.461485,23.522675,0.548133,0,654.031853,29260.889779,28371.730590,0.304709,0.121384
spmv_static_ovh,128,spread,ompt,off,16.153792,16.636634,20.388060,0.704339,0,254.877711,NA,NA,0.303753,0.171071
stencil_scheduler,128,none,ompt,on,20.292199,23.064970,31.384954,2.486794,2,608.196698,27210.259667,23939.159514,0.377736,0.132282
spmv_static_scheduler,128,none,ompt,on,18.659010,21.128455,27.245327,1.558886,49,220.657019,NA,NA,0.394729,0.149385
