tag,monitor_ticks,monitor_us_total,monitor_us_max,callback_calls,callback_us_total,migration_us_total,threads_tracked,resyncs,mux_scaled_reads,window_rows_dropped,perf_failed_threads,perf_partial_threads,win_with_cycles,win_with_fills,reads_ok,reads_never_scheduled
stencil_t8_obs,56,7545.235,198.532,1241,124053.096,0.000,8,0,0,0,0,0,376,376,1568,0
spmv_static_t8_obs,1075,12636.673,281.353,1297,130006.795,0.000,8,0,0,0,0,0,624,624,2560,0
stencil_t8_ovh,54,8055.482,221.482,1241,70485.634,0.000,8,0,0,0,0,0,360,360,1504,0
spmv_static_t8_ovh,1075,13101.557,199.142,1297,72462.022,0.000,8,0,0,0,0,0,624,624,2560,0
stencil_t8_scheduler,56,8149.532,194.222,1241,142798.686,220.112,8,0,0,0,0,0,382,382,1600,0
spmv_static_t8_scheduler,1077,12478.970,199.792,1297,140134.805,133.122,8,0,0,0,0,0,631,631,2592,0
stencil_t16_obs,50,13973.380,407.704,2481,333700.535,0.000,16,0,0,0,0,0,672,672,2816,0
spmv_static_t16_obs,1034,14613.834,543.976,2593,438989.388,0.000,16,0,0,0,0,0,752,752,3136,0
stencil_t16_ovh,37,10424.907,386.624,2481,412654.888,0.000,16,0,0,0,0,0,464,464,1984,0
spmv_static_t16_ovh,1114,13416.279,368.174,2593,416869.346,0.000,16,0,0,0,0,0,640,640,2688,0
stencil_t16_scheduler,50,13752.986,389.695,2481,380104.722,166.852,16,0,0,0,0,0,655,655,2752,0
spmv_static_t16_scheduler,1036,15044.639,380.624,2593,413384.710,584.477,16,0,0,0,0,0,718,718,3008,0
stencil_t32_obs,50,35790.293,1257.864,4961,1001954.693,0.000,32,0,0,0,0,0,1344,1344,5632,0
spmv_static_t32_obs,1020,32256.898,1040.631,5185,1409400.876,0.000,32,0,0,0,0,0,1184,1184,4992,0
stencil_t32_ovh,35,27210.748,1062.411,4961,649638.709,0.000,32,0,0,0,0,0,896,896,3840,0
spmv_static_t32_ovh,1011,22575.210,902.439,5185,1190691.210,0.000,32,0,0,0,0,0,864,864,3712,0
stencil_t32_scheduler,46,31756.319,1054.071,4961,921155.352,1459.604,32,0,0,0,0,0,1180,1180,4992,0
spmv_static_t32_scheduler,1018,30049.596,1197.901,5185,1257830.037,0.000,32,0,0,0,0,0,1088,1088,4608,0
stencil_t64_obs,51,106242.518,3259.666,9921,7236168.555,0.000,64,0,0,0,0,0,2752,2752,11520,0
spmv_static_t64_obs,1015,125001.075,4440.300,10369,7867515.802,0.000,64,0,0,0,0,0,2240,2240,9472,0
stencil_t64_ovh,35,48136.064,2194.024,9921,4286212.398,0.000,64,0,0,0,0,0,1664,1664,7168,0
spmv_static_t64_ovh,1005,46579.768,2334.176,10369,5903061.238,0.000,64,0,0,0,0,0,1536,1536,6656,0
stencil_t64_scheduler,50,78873.367,3024.965,9921,6948201.443,1728.690,64,0,0,0,0,0,2621,2621,11008,0
spmv_static_t64_scheduler,1022,80902.184,2972.234,10369,6566162.872,119709.090,64,0,0,0,0,0,2708,2708,11520,0
stencil_t128_obs,39,153195.680,7203.351,19841,24647544.365,0.000,128,0,0,0,0,0,3968,3968,16896,0
spmv_static_t128_obs,991,146495.645,6833.127,20737,21560108.575,0.000,128,0,0,0,0,0,3584,3584,15360,0
stencil_t128_ovh,35,169749.684,7708.857,19841,21782174.826,0.000,128,0,0,0,0,0,3328,3328,14336,0
spmv_static_t128_ovh,1000,136705.767,7137.040,20737,24943017.908,0.000,128,0,0,0,0,0,2944,2944,12800,0
stencil_t128_scheduler,40,195934.844,9030.102,19841,24535295.832,1841.731,128,0,0,0,0,0,4094,4094,17408,0
spmv_static_t128_scheduler,1015,162378.698,8258.983,20737,20451325.040,48467.510,128,0,0,0,0,0,3664,3664,15872,0
