tag,window_ms,d_rm,d_instr,d_cyc,ipc,ratio_rm
stencil_serial_t8_serial,1903.504,148,1371444681,375678963,3.650576,0.000002
stencil_serial_t8_serial,300.521,164,1371917052,375678402,3.651839,0.000002
stencil_serial_t8_serial,500.883,178,1371664306,375670363,3.651244,0.000002
stencil_serial_t8_serial,2304.241,93,1372275064,375678384,3.652792,0.000001
stencil_serial_t8_serial,1402.547,142,1371700559,375676163,3.651285,0.000002
stencil_serial_t8_serial,801.455,239,1370689781,375567979,3.649645,0.000003
stencil_serial_t8_serial,400.703,111,1371549286,375672808,3.650914,0.000001
stencil_serial_t8_serial,100.119,7886,780763655,364725115,2.140691,0.000155
stencil_serial_t8_serial,2805.143,108,1370979013,375681142,3.649315,0.000001
stencil_serial_t8_serial,2103.867,257,1367043250,375675792,3.638891,0.000003
stencil_serial_t8_serial,1302.365,189,1371045120,375682648,3.649477,0.000002
stencil_serial_t8_serial,1202.181,165,1371549049,375673008,3.650912,0.000002
stencil_serial_t8_serial,200.339,210,1371695923,375817781,3.649896,0.000003
stencil_serial_t8_serial,2504.600,190,1371127121,375602203,3.650477,0.000002
stencil_serial_t8_serial,1803.322,142,1371976493,375682431,3.651958,0.000002
stencil_serial_t8_serial,2003.686,183,1371629560,375678755,3.651070,0.000002
stencil_serial_t8_serial,1703.137,204,1371773470,375857833,3.649714,0.000003
stencil_serial_t8_serial,1102.002,230,1371729067,375677259,3.651350,0.000003
stencil_serial_t8_serial,3092.006,2518,1096251360,306951359,3.571417,0.000039
stencil_serial_t8_serial,2704.961,243,1370783627,375674693,3.648858,0.000003
stencil_serial_t8_serial,1502.727,189,1371748650,375671430,3.651459,0.000002
stencil_serial_t8_serial,1001.819,219,1371275366,375677737,3.650137,0.000003
stencil_serial_t8_serial,3005.506,177,1371945784,375677141,3.651928,0.000002
stencil_serial_t8_serial,2604.780,329,1366397929,375670730,3.637222,0.000004
stencil_serial_t8_serial,701.278,471,1370064537,375671085,3.646979,0.000006
stencil_serial_t8_serial,2905.325,188,1371415216,375673606,3.650550,0.000002
stencil_serial_t8_serial,2204.060,166,1372169804,375715202,3.652154,0.000002
stencil_serial_t8_serial,1602.909,170,1371863026,375679759,3.651682,0.000002
stencil_serial_t8_serial,901.638,186,1372793550,375684022,3.654117,0.000002
stencil_serial_t8_serial,2404.419,94,1371016772,375621007,3.650000,0.000001
stencil_serial_t8_serial,601.097,243,1371793803,375800951,3.650320,0.000003
