tag,slot,tid,fill_l2,fill_l3_ccd,fill_ccd_vecino,fill_dram_local,fill_far_cache,fill_far_dram,fill_all,fill_remoto,mascaras,familia
perf_out_v6/metrics/spmv_static_S3_t256_bind_close,0,991881,0,0,41269,0,1,46,11901168,47,3,any
perf_out_v6/metrics/spmv_static_S3_t256_bind_close,1,991882,0,0,37,0,1,12,11795825,13,3,any
perf_out_v6/metrics/spmv_static_S3_t256_bind_close,2,991883,0,0,693,0,1,2,11732649,3,3,any
perf_out_v6/metrics/spmv_static_S3_t256_bind_close,3,991884,0,0,88,0,0,6,11842019,6,3,any
perf_out_v6/metrics/spmv_static_S3_t256_bind_close,4,991885,0,0,301,0,0,27,11768060,27,3,any
perf_out_v6/metrics/spmv_static_S3_t256_bind_close,5,991886,0,0,59,0,0,62,11743614,62,3,any
perf_out_v6/metrics/spmv_static_S3_t256_bind_close,6,991887,0,0,29,0,2,4,11755588,6,3,any
perf_out_v6/metrics/spmv_static_S3_t256_bind_close,7,991888,0,0,71,0,0,30,11726880,29,3,any
perf_out_v6/metrics/spmv_static_S3_t256_bind_close,8,991889,0,0,34,0,0,3,11749672,3,3,any
perf_out_v6/metrics/spmv_static_S3_t256_bind_close,9,991890,0,0,231,0,0,22,11807532,22,3,any
perf_out_v6/metrics/spmv_static_S3_t256_bind_close,10,991891,0,0,458,0,0,3,11722940,3,3,any
perf_out_v6/metrics/spmv_static_S3_t256_bind_close,11,991892,0,0,172,0,0,4,11802600,4,3,any
perf_out_v6/metrics/spmv_static_S3_t256_bind_close,12,991893,0,0,484,0,0,1245,11811733,1245,3,any
perf_out_v6/metrics/spmv_static_S3_t256_bind_close,13,991894,0,0,185,0,0,0,11771226,0,3,any
perf_out_v6/metrics/spmv_static_S3_t256_bind_close,14,991895,0,0,59,0,0,8,11798020,8,3,any
perf_out_v6/metrics/spmv_static_S3_t256_bind_close,15,991896,0,0,716,0,0,1,11761567,1,3,any
perf_out_v6/metrics/spmv_static_S3_t256_bind_close,16,991897,0,0,7558,0,0,0,11702588,0,3,any
perf_out_v6/metrics/spmv_static_S3_t256_bind_close,17,991898,0,0,451,0,0,0,11755454,0,3,any
perf_out_v6/metrics/spmv_static_S3_t256_bind_close,18,991899,0,0,1001,0,0,4,11652821,4,3,any
perf_out_v6/metrics/spmv_static_S3_t256_bind_close,19,991900,0,0,1433,0,0,2,11737008,2,3,any
perf_out_v6/metrics/spmv_static_S3_t256_bind_close,20,991901,0,0,1077,0,0,0,11786764,0,3,any
perf_out_v6/metrics/spmv_static_S3_t256_bind_close,21,991902,0,0,1716,0,0,1,11784567,1,3,any
perf_out_v6/metrics/spmv_static_S3_t256_bind_close,22,991903,0,0,542,0,0,0,11798161,0,3,any
perf_out_v6/metrics/spmv_static_S3_t256_bind_close,23,991904,0,0,341,0,0,0,11829969,0,3,any
perf_out_v6/metrics/spmv_static_S3_t256_bind_close,24,991905,0,0,648,0,0,0,11687419,0,3,any
perf_out_v6/metrics/spmv_static_S3_t256_bind_close,25,991906,0,0,207,0,0,0,11749556,0,3,any
perf_out_v6/metrics/spmv_static_S3_t256_bind_close,26,991907,0,0,681,0,0,1,11730393,1,3,any
perf_out_v6/metrics/spmv_static_S3_t256_bind_close,27,991908,0,0,1041,0,0,1,11753127,1,3,any
perf_out_v6/metrics/spmv_static_S3_t256_bind_close,28,991909,0,0,512,0,0,1,11819173,1,3,any
perf_out_v6/metrics/spmv_static_S3_t256_bind_close,29,991910,0,0,298,0,0,3,11824253,3,3,any
perf_out_v6/metrics/spmv_static_S3_t256_bind_close,30,991911,0,0,106,0,0,0,11767414,0,3,any
perf_out_v6/metrics/spmv_static_S3_t256_bind_close,31,991912,0,0,645,0,0,3,11737166,3,3,any
perf_out_v6/metrics/spmv_static_S3_t256_bind_close,32,991913,0,0,10228,0,0,0,11711248,0,3,any
perf_out_v6/metrics/spmv_static_S3_t256_bind_close,33,991914,0,0,26,0,0,3,11650509,3,3,any
perf_out_v6/metrics/spmv_static_S3_t256_bind_close,34,991915,0,0,108,0,0,4,11796114,4,3,any
perf_out_v6/metrics/spmv_static_S3_t256_bind_close,35,991916,0,0,195,0,0,1,11766459,1,3,any
perf_out_v6/metrics/spmv_static_S3_t256_bind_close,36,991917,0,0,366,0,0,0,11623621,0,3,any
perf_out_v6/metrics/spmv_static_S3_t256_bind_close,37,991918,0,0,5,0,0,3,11746497,5,3,any
perf_out_v6/metrics/spmv_static_S3_t256_bind_close,38,991919,0,0,2,0,0,1,11796150,1,3,any
perf_out_v6/metrics/spmv_static_S3_t256_bind_close,39,991920,0,0,5,0,0,0,11787559,0,3,any
perf_out_v6/metrics/spmv_static_S3_t256_bind_close,40,991921,0,0,366,0,0,0,11648626,0,3,any
perf_out_v6/metrics/spmv_static_S3_t256_bind_close,41,991922,0,0,24,0,0,4,11765205,4,3,any
perf_out_v6/metrics/spmv_static_S3_t256_bind_close,42,991923,0,0,22,0,0,2,11776082,2,3,any
perf_out_v6/metrics/spmv_static_S3_t256_bind_close,43,991924,0,0,15,0,0,1,11799629,1,3,any
perf_out_v6/metrics/spmv_static_S3_t256_bind_close,44,991925,0,0,473,0,0,1,11779343,1,3,any
perf_out_v6/metrics/spmv_static_S3_t256_bind_close,45,991926,0,0,35,0,0,0,11735914,0,3,any
perf_out_v6/metrics/spmv_static_S3_t256_bind_close,46,991927,0,0,65,0,0,0,11752548,0,3,any
perf_out_v6/metrics/spmv_static_S3_t256_bind_close,47,991928,0,0,2453,0,0,1,11763387,1,3,any
perf_out_v6/metrics/spmv_static_S3_t256_bind_close,48,991929,0,0,7428,0,0,2,11748357,2,3,any
perf_out_v6/metrics/spmv_static_S3_t256_bind_close,49,991930,0,0,53,0,0,3,11747405,3,3,any
perf_out_v6/metrics/spmv_static_S3_t256_bind_close,50,991931,0,0,138,0,0,4,11701116,4,3,any
perf_out_v6/metrics/spmv_static_S3_t256_bind_close,51,991932,0,0,335,0,0,0,11787629,0,3,any
perf_out_v6/metrics/spmv_static_S3_t256_bind_close,52,991933,0,0,365,0,0,0,11723884,0,3,any
perf_out_v6/metrics/spmv_static_S3_t256_bind_close,53,991934,0,0,6,0,0,0,11733178,0,3,any
perf_out_v6/metrics/spmv_static_S3_t256_bind_close,54,991935,0,0,3,0,0,2,11693706,2,3,any
perf_out_v6/metrics/spmv_static_S3_t256_bind_close,55,991936,0,0,3,0,0,0,11763429,0,3,any
perf_out_v6/metrics/spmv_static_S3_t256_bind_close,56,991937,0,0,357,0,0,1,11773410,1,3,any
perf_out_v6/metrics/spmv_static_S3_t256_bind_close,57,991938,0,0,24,0,0,0,11715491,0,3,any
perf_out_v6/metrics/spmv_static_S3_t256_bind_close,58,991939,0,0,22,0,0,0,11744340,0,3,any
perf_out_v6/metrics/spmv_static_S3_t256_bind_close,59,991940,0,0,30,0,0,3,11758064,3,3,any
perf_out_v6/metrics/spmv_static_S3_t256_bind_close,60,991941,0,0,481,0,0,0,11706308,0,3,any
perf_out_v6/metrics/spmv_static_S3_t256_bind_close,61,991942,0,0,59,0,1,0,11797867,1,3,any
perf_out_v6/metrics/spmv_static_S3_t256_bind_close,62,991943,0,0,94,0,0,0,11777626,0,3,any
perf_out_v6/metrics/spmv_static_S3_t256_bind_close,63,991944,0,0,1547,0,0,0,11713151,0,3,any
perf_out_v6/metrics/spmv_static_S3_t256_bind_close,64,991945,0,0,9094,0,0,6,11793710,6,3,any
perf_out_v6/metrics/spmv_static_S3_t256_bind_close,65,991946,0,0,499,0,0,2,11730927,2,3,any
perf_out_v6/metrics/spmv_static_S3_t256_bind_close,66,991947,0,0,664,0,0,17,11808026,17,3,any
perf_out_v6/metrics/spmv_static_S3_t256_bind_close,67,991948,0,0,579,0,2,13,11829424,15,3,any
perf_out_v6/metrics/spmv_static_S3_t256_bind_close,68,991949,0,0,394,0,0,3,11718531,3,3,any
perf_out_v6/metrics/spmv_static_S3_t256_bind_close,69,991950,0,0,348,0,0,2,11726153,2,3,any
perf_out_v6/metrics/spmv_static_S3_t256_bind_close,70,991951,0,0,285,0,0,2,11806631,2,3,any
perf_out_v6/metrics/spmv_static_S3_t256_bind_close,71,991952,0,0,273,0,0,7,11713141,7,3,any
perf_out_v6/metrics/spmv_static_S3_t256_bind_close,72,991953,0,0,1111,0,0,4,11725919,4,3,any
perf_out_v6/metrics/spmv_static_S3_t256_bind_close,73,991954,0,0,2914,0,0,18,11754556,18,3,any
perf_out_v6/metrics/spmv_static_S3_t256_bind_close,74,991955,0,0,544,0,0,1,11680486,1,3,any
perf_out_v6/metrics/spmv_static_S3_t256_bind_close,75,991956,0,0,752,0,0,2,11757649,2,3,any
perf_out_v6/metrics/spmv_static_S3_t256_bind_close,76,991957,0,0,1905,0,0,1,11813977,1,3,any
perf_out_v6/metrics/spmv_static_S3_t256_bind_close,77,991958,0,0,814,0,0,5,11732219,5,3,any
perf_out_v6/metrics/spmv_static_S3_t256_bind_close,78,991959,0,0,58,0,4,6,11738610,10,3,any
perf_out_v6/metrics/spmv_static_S3_t256_bind_close,79,991960,0,0,1044,0,0,7,11717795,7,3,any
perf_out_v6/metrics/spmv_static_S3_t256_bind_close,80,991961,0,0,7150,0,0,43,11715012,43,3,any
perf_out_v6/metrics/spmv_static_S3_t256_bind_close,81,991962,0,0,92,0,0,63,11752570,63,3,any
perf_out_v6/metrics/spmv_static_S3_t256_bind_close,82,991963,0,0,345,0,0,5,11686510,4,3,any
perf_out_v6/metrics/spmv_static_S3_t256_bind_close,83,991964,0,0,376,0,0,52,11798075,52,3,any
perf_out_v6/metrics/spmv_static_S3_t256_bind_close,84,991965,0,0,613,0,0,16,11756765,16,3,any
perf_out_v6/metrics/spmv_static_S3_t256_bind_close,85,991966,0,0,31,0,0,1302,11739124,1302,3,any
perf_out_v6/metrics/spmv_static_S3_t256_bind_close,86,991967,0,0,69,0,0,49,11774383,49,3,any
perf_out_v6/metrics/spmv_static_S3_t256_bind_close,87,991968,0,0,100,0,0,0,11737540,0,3,any
perf_out_v6/metrics/spmv_static_S3_t256_bind_close,88,991969,0,0,463,0,0,2,11742027,2,3,any
perf_out_v6/metrics/spmv_static_S3_t256_bind_close,89,991970,0,0,34,0,0,0,11771588,0,3,any
perf_out_v6/metrics/spmv_static_S3_t256_bind_close,90,991971,0,0,93,0,0,2,11734225,2,3,any
perf_out_v6/metrics/spmv_static_S3_t256_bind_close,91,991972,0,0,109,0,0,8,11752468,8,3,any
perf_out_v6/metrics/spmv_static_S3_t256_bind_close,92,991973,0,0,588,0,0,3,11747585,3,3,any
perf_out_v6/metrics/spmv_static_S3_t256_bind_close,93,991974,0,0,128,0,0,2,11771608,2,3,any
perf_out_v6/metrics/spmv_static_S3_t256_bind_close,94,991975,0,0,144,0,0,17,11732314,17,3,any
perf_out_v6/metrics/spmv_static_S3_t256_bind_close,95,991976,0,0,707,0,0,0,11764477,0,3,any
perf_out_v6/metrics/spmv_static_S3_t256_bind_close,96,991977,0,0,7291,0,0,1,11640081,0,3,any
perf_out_v6/metrics/spmv_static_S3_t256_bind_close,97,991978,0,0,32,0,0,1,11706877,1,3,any
perf_out_v6/metrics/spmv_static_S3_t256_bind_close,98,991979,0,0,95,0,0,1,11799370,1,3,any
perf_out_v6/metrics/spmv_static_S3_t256_bind_close,99,991980,0,0,217,0,0,1,11707139,1,3,any
perf_out_v6/metrics/spmv_static_S3_t256_bind_close,100,991981,0,0,329,0,0,1,11784878,1,3,any
perf_out_v6/metrics/spmv_static_S3_t256_bind_close,101,991982,0,0,22,0,0,1,11743828,1,3,any
perf_out_v6/metrics/spmv_static_S3_t256_bind_close,102,991983,0,0,17,0,0,2,11798234,2,3,any
perf_out_v6/metrics/spmv_static_S3_t256_bind_close,103,991984,0,0,19,0,0,1,11654007,1,3,any
perf_out_v6/metrics/spmv_static_S3_t256_bind_close,104,991985,0,0,363,0,0,0,11701776,1,3,any
perf_out_v6/metrics/spmv_static_S3_t256_bind_close,105,991986,0,0,21,0,0,6,11773228,6,3,any
perf_out_v6/metrics/spmv_static_S3_t256_bind_close,106,991987,0,0,17,0,0,1,11715581,1,3,any
perf_out_v6/metrics/spmv_static_S3_t256_bind_close,107,991988,0,0,41,0,0,3,11805888,3,3,any
perf_out_v6/metrics/spmv_static_S3_t256_bind_close,108,991989,0,0,437,0,0,0,11752123,0,3,any
perf_out_v6/metrics/spmv_static_S3_t256_bind_close,109,991990,0,0,42,0,0,3,11747200,3,3,any
perf_out_v6/metrics/spmv_static_S3_t256_bind_close,110,991991,0,0,60,0,0,3,11769165,3,3,any
perf_out_v6/metrics/spmv_static_S3_t256_bind_close,111,991992,0,0,3914,0,1,0,11735381,1,3,any
perf_out_v6/metrics/spmv_static_S3_t256_bind_close,112,991993,0,0,6743,0,1,4,11761085,5,3,any
perf_out_v6/metrics/spmv_static_S3_t256_bind_close,113,991994,0,0,84,0,0,5,11784214,5,3,any
perf_out_v6/metrics/spmv_static_S3_t256_bind_close,114,991995,0,0,108,0,0,3,11743202,3,3,any
perf_out_v6/metrics/spmv_static_S3_t256_bind_close,115,991996,0,0,155,0,0,3,11764121,3,3,any
perf_out_v6/metrics/spmv_static_S3_t256_bind_close,116,991997,0,0,347,0,0,1,11800823,1,3,any
perf_out_v6/metrics/spmv_static_S3_t256_bind_close,117,991998,0,0,7,0,0,1,11784891,1,3,any
perf_out_v6/metrics/spmv_static_S3_t256_bind_close,118,991999,0,0,18,0,0,1,11687999,1,3,any
perf_out_v6/metrics/spmv_static_S3_t256_bind_close,119,992000,0,0,10,0,0,65,11820213,65,3,any
perf_out_v6/metrics/spmv_static_S3_t256_bind_close,120,992001,0,0,354,0,0,3,11712194,3,3,any
perf_out_v6/metrics/spmv_static_S3_t256_bind_close,121,992002,0,0,7,0,0,3,11691490,3,3,any
perf_out_v6/metrics/spmv_static_S3_t256_bind_close,122,992003,0,0,15,0,0,2,11723718,2,3,any
perf_out_v6/metrics/spmv_static_S3_t256_bind_close,123,992004,0,0,10,0,0,4,11756940,4,3,any
perf_out_v6/metrics/spmv_static_S3_t256_bind_close,124,992005,0,0,515,0,0,3,11736468,2,3,any
perf_out_v6/metrics/spmv_static_S3_t256_bind_close,125,992006,0,0,31,0,0,3,11731750,3,3,any
perf_out_v6/metrics/spmv_static_S3_t256_bind_close,126,992007,0,0,89,0,0,2,11778834,2,3,any
perf_out_v6/metrics/spmv_static_S3_t256_bind_close,127,992008,0,0,1701,0,0,1,11695330,3,3,any
perf_out_v6/metrics/spmv_static_S3_t256_bind_close,128,992009,0,0,0,0,13546,12290,11817513,25836,3,any
perf_out_v6/metrics/spmv_static_S3_t256_bind_close,129,992010,0,0,0,0,208,51673,11679703,51881,3,any
perf_out_v6/metrics/spmv_static_S3_t256_bind_close,130,992011,0,0,2,0,3990,146621,11754980,150611,3,any
perf_out_v6/metrics/spmv_static_S3_t256_bind_close,131,992012,0,0,0,0,2653,199895,11780305,202548,3,any
perf_out_v6/metrics/spmv_static_S3_t256_bind_close,132,992013,0,0,0,0,1473,67237,11855435,68710,3,any
perf_out_v6/metrics/spmv_static_S3_t256_bind_close,133,992014,0,0,0,0,1702,72979,11795589,74681,3,any
perf_out_v6/metrics/spmv_static_S3_t256_bind_close,134,992015,0,0,2,0,1074,56619,11707594,57693,3,any
perf_out_v6/metrics/spmv_static_S3_t256_bind_close,135,992016,0,0,0,0,1401,120923,11806725,122324,3,any
perf_out_v6/metrics/spmv_static_S3_t256_bind_close,136,992017,0,0,0,0,1910,177205,11751472,179115,3,any
perf_out_v6/metrics/spmv_static_S3_t256_bind_close,137,992018,0,0,0,0,1057,173119,11773583,174176,3,any
perf_out_v6/metrics/spmv_static_S3_t256_bind_close,138,992019,0,0,0,0,1305,339720,11751480,341025,3,any
perf_out_v6/metrics/spmv_static_S3_t256_bind_close,139,992020,0,0,0,0,4324,400440,11727483,404764,3,any
perf_out_v6/metrics/spmv_static_S3_t256_bind_close,140,992021,0,0,0,0,1670,164212,11796882,165882,3,any
perf_out_v6/metrics/spmv_static_S3_t256_bind_close,141,992022,0,0,0,0,881,107712,11243383,108593,3,any
perf_out_v6/metrics/spmv_static_S3_t256_bind_close,142,992023,0,0,0,0,87,27090,10257605,27177,3,any
perf_out_v6/metrics/spmv_static_S3_t256_bind_close,143,992024,0,0,0,0,4506,15799,10278805,20305,3,any
perf_out_v6/metrics/spmv_static_S3_t256_bind_close,144,992025,0,0,1,0,5513,19525,10328111,25038,3,any
perf_out_v6/metrics/spmv_static_S3_t256_bind_close,145,992026,0,0,0,0,18,20719,10280060,20737,3,any
perf_out_v6/metrics/spmv_static_S3_t256_bind_close,146,992027,0,0,0,0,75,60894,10300217,60969,3,any
perf_out_v6/metrics/spmv_static_S3_t256_bind_close,147,992028,0,0,0,0,1277,68531,10324914,69808,3,any
perf_out_v6/metrics/spmv_static_S3_t256_bind_close,148,992029,0,0,0,0,371,35296,10293917,35667,3,any
perf_out_v6/metrics/spmv_static_S3_t256_bind_close,149,992030,0,0,0,0,305,34061,10383538,34366,3,any
perf_out_v6/metrics/spmv_static_S3_t256_bind_close,150,992031,0,0,0,0,157,22322,10284998,22479,3,any
perf_out_v6/metrics/spmv_static_S3_t256_bind_close,151,992032,0,0,0,0,19,19272,10290761,19291,3,any
perf_out_v6/metrics/spmv_static_S3_t256_bind_close,152,992033,0,0,0,0,558,18964,10292820,19522,3,any
perf_out_v6/metrics/spmv_static_S3_t256_bind_close,153,992034,0,0,0,0,15,23588,10290095,23603,3,any
perf_out_v6/metrics/spmv_static_S3_t256_bind_close,154,992035,0,0,0,0,18,25397,10276649,25415,3,any
perf_out_v6/metrics/spmv_static_S3_t256_bind_close,155,992036,0,0,0,0,46,14772,10310812,14818,3,any
perf_out_v6/metrics/spmv_static_S3_t256_bind_close,156,992037,0,0,0,0,499,30054,10274083,30553,3,any
perf_out_v6/metrics/spmv_static_S3_t256_bind_close,157,992038,0,0,0,0,27,21075,10298685,21102,3,any
perf_out_v6/metrics/spmv_static_S3_t256_bind_close,158,992039,0,0,0,0,106,6012,10241384,6118,3,any
perf_out_v6/metrics/spmv_static_S3_t256_bind_close,159,992040,0,0,1,0,3680,7689,10377758,11369,3,any
perf_out_v6/metrics/spmv_static_S3_t256_bind_close,160,992041,0,0,1,0,6113,6408,10291625,12521,3,any
perf_out_v6/metrics/spmv_static_S3_t256_bind_close,161,992042,0,0,0,0,40,5011,10398806,5051,3,any
perf_out_v6/metrics/spmv_static_S3_t256_bind_close,162,992043,0,0,0,0,52,5312,10317265,5364,3,any
perf_out_v6/metrics/spmv_static_S3_t256_bind_close,163,992044,0,0,0,0,101,5448,10303917,5549,3,any
perf_out_v6/metrics/spmv_static_S3_t256_bind_close,164,992045,0,0,0,0,335,5244,10250646,5579,3,any
perf_out_v6/metrics/spmv_static_S3_t256_bind_close,165,992046,0,0,0,0,21,5171,10283889,5192,3,any
perf_out_v6/metrics/spmv_static_S3_t256_bind_close,166,992047,0,0,0,0,8,5287,10312219,5295,3,any
perf_out_v6/metrics/spmv_static_S3_t256_bind_close,167,992048,0,0,0,0,9,5228,10262348,5237,3,any
perf_out_v6/metrics/spmv_static_S3_t256_bind_close,168,992049,0,0,0,0,356,5228,10257263,5584,3,any
perf_out_v6/metrics/spmv_static_S3_t256_bind_close,169,992050,0,0,0,0,6,5355,10243828,5361,3,any
perf_out_v6/metrics/spmv_static_S3_t256_bind_close,170,992051,0,0,0,0,9,5384,10369375,5393,3,any
perf_out_v6/metrics/spmv_static_S3_t256_bind_close,171,992052,0,0,0,0,22,5365,10318918,5387,3,any
perf_out_v6/metrics/spmv_static_S3_t256_bind_close,172,992053,0,0,0,0,426,5120,10258691,5546,3,any
perf_out_v6/metrics/spmv_static_S3_t256_bind_close,173,992054,0,0,0,0,22,5146,10310662,5168,3,any
perf_out_v6/metrics/spmv_static_S3_t256_bind_close,174,992055,0,0,0,0,47,5034,10250879,5081,3,any
perf_out_v6/metrics/spmv_static_S3_t256_bind_close,175,992056,0,0,0,0,517,5348,10300875,5865,3,any
perf_out_v6/metrics/spmv_static_S3_t256_bind_close,176,992057,0,0,0,0,6630,6417,10318585,13047,3,any
perf_out_v6/metrics/spmv_static_S3_t256_bind_close,177,992058,0,0,0,0,9,5075,10267006,5084,3,any
perf_out_v6/metrics/spmv_static_S3_t256_bind_close,178,992059,0,0,0,0,65,4860,10239013,4925,3,any
perf_out_v6/metrics/spmv_static_S3_t256_bind_close,179,992060,0,0,0,0,58,5186,10230713,5244,3,any
perf_out_v6/metrics/spmv_static_S3_t256_bind_close,180,992061,0,0,0,0,338,4914,10277560,5252,3,any
perf_out_v6/metrics/spmv_static_S3_t256_bind_close,181,992062,0,0,0,0,12,5053,10286205,5065,3,any
perf_out_v6/metrics/spmv_static_S3_t256_bind_close,182,992063,0,0,0,0,7,4771,10208617,4778,3,any
perf_out_v6/metrics/spmv_static_S3_t256_bind_close,183,992064,0,0,0,0,5,5160,10278517,5165,3,any
perf_out_v6/metrics/spmv_static_S3_t256_bind_close,184,992065,0,0,0,0,337,5283,10324677,5620,3,any
perf_out_v6/metrics/spmv_static_S3_t256_bind_close,185,992066,0,0,0,0,6,4994,10241167,5000,3,any
perf_out_v6/metrics/spmv_static_S3_t256_bind_close,186,992067,0,0,0,0,9,5277,10259488,5286,3,any
perf_out_v6/metrics/spmv_static_S3_t256_bind_close,187,992068,0,0,0,0,13,5059,10243568,5072,3,any
perf_out_v6/metrics/spmv_static_S3_t256_bind_close,188,992069,0,0,0,0,496,5142,10239378,5638,3,any
perf_out_v6/metrics/spmv_static_S3_t256_bind_close,189,992070,0,0,0,0,31,5161,10314901,5192,3,any
perf_out_v6/metrics/spmv_static_S3_t256_bind_close,190,992071,0,0,0,0,109,5149,10265632,5258,3,any
perf_out_v6/metrics/spmv_static_S3_t256_bind_close,191,992072,0,0,0,0,426,5148,10226682,5574,3,any
perf_out_v6/metrics/spmv_static_S3_t256_bind_close,192,992073,0,0,0,0,7644,8281,10296941,15925,3,any
perf_out_v6/metrics/spmv_static_S3_t256_bind_close,193,992074,0,0,0,0,106,9156,10310302,9262,3,any
perf_out_v6/metrics/spmv_static_S3_t256_bind_close,194,992075,0,0,0,0,196,19495,10290146,19691,3,any
perf_out_v6/metrics/spmv_static_S3_t256_bind_close,195,992076,0,0,0,0,290,14583,10247989,14873,3,any
perf_out_v6/metrics/spmv_static_S3_t256_bind_close,196,992077,0,0,0,0,398,19330,10336070,19728,3,any
perf_out_v6/metrics/spmv_static_S3_t256_bind_close,197,992078,0,0,0,0,68,16385,10374250,16453,3,any
perf_out_v6/metrics/spmv_static_S3_t256_bind_close,198,992079,0,0,0,0,57,21729,10257442,21786,3,any
perf_out_v6/metrics/spmv_static_S3_t256_bind_close,199,992080,0,0,0,0,231,34074,10344021,34305,3,any
perf_out_v6/metrics/spmv_static_S3_t256_bind_close,200,992081,0,0,0,0,601,71285,10270950,71888,3,any
perf_out_v6/metrics/spmv_static_S3_t256_bind_close,201,992082,0,0,3,0,628,51269,10287585,51897,3,any
perf_out_v6/metrics/spmv_static_S3_t256_bind_close,202,992083,0,0,0,0,356,61548,10247484,61904,3,any
perf_out_v6/metrics/spmv_static_S3_t256_bind_close,203,992084,0,0,1,0,224,40606,10345749,40830,3,any
perf_out_v6/metrics/spmv_static_S3_t256_bind_close,204,992085,0,0,0,0,683,51705,10341014,52388,3,any
perf_out_v6/metrics/spmv_static_S3_t256_bind_close,205,992086,0,0,0,0,290,31972,10389665,32262,3,any
perf_out_v6/metrics/spmv_static_S3_t256_bind_close,206,992087,0,0,2,0,99,22223,10333029,22322,3,any
perf_out_v6/metrics/spmv_static_S3_t256_bind_close,207,992088,0,0,0,0,2611,16587,10312656,19198,3,any
perf_out_v6/metrics/spmv_static_S3_t256_bind_close,208,992089,0,0,0,0,7666,36346,10285867,44012,3,any
perf_out_v6/metrics/spmv_static_S3_t256_bind_close,209,992090,0,0,0,0,114,41955,10223800,42069,3,any
perf_out_v6/metrics/spmv_static_S3_t256_bind_close,210,992091,0,0,0,0,265,31159,10328975,31424,3,any
perf_out_v6/metrics/spmv_static_S3_t256_bind_close,211,992092,0,0,0,0,147,43770,10325871,43917,3,any
perf_out_v6/metrics/spmv_static_S3_t256_bind_close,212,992093,0,0,0,0,388,63338,10307465,63726,3,any
perf_out_v6/metrics/spmv_static_S3_t256_bind_close,213,992094,0,0,0,0,37,55333,10382881,55370,3,any
perf_out_v6/metrics/spmv_static_S3_t256_bind_close,214,992095,0,0,0,0,10,17240,10282183,17250,3,any
perf_out_v6/metrics/spmv_static_S3_t256_bind_close,215,992096,0,0,0,0,16,18064,10291350,18080,3,any
perf_out_v6/metrics/spmv_static_S3_t256_bind_close,216,992097,0,0,0,0,374,24116,10339014,24490,3,any
perf_out_v6/metrics/spmv_static_S3_t256_bind_close,217,992098,0,0,0,0,224,30584,10310841,30808,3,any
perf_out_v6/metrics/spmv_static_S3_t256_bind_close,218,992099,0,0,0,0,31,16999,10290518,17030,3,any
perf_out_v6/metrics/spmv_static_S3_t256_bind_close,219,992100,0,0,0,0,28,17999,10324353,18027,3,any
perf_out_v6/metrics/spmv_static_S3_t256_bind_close,220,992101,0,0,0,0,438,20048,10309342,20486,3,any
perf_out_v6/metrics/spmv_static_S3_t256_bind_close,221,992102,0,0,0,0,108,10162,10263030,10270,3,any
perf_out_v6/metrics/spmv_static_S3_t256_bind_close,222,992103,0,0,0,0,64,6891,10307357,6955,3,any
perf_out_v6/metrics/spmv_static_S3_t256_bind_close,223,992104,0,0,0,0,2961,7611,10261766,10572,3,any
perf_out_v6/metrics/spmv_static_S3_t256_bind_close,224,992105,0,0,1,0,5937,6876,10319650,12813,3,any
perf_out_v6/metrics/spmv_static_S3_t256_bind_close,225,992106,0,0,0,0,16,5115,10170900,5131,3,any
perf_out_v6/metrics/spmv_static_S3_t256_bind_close,226,992107,0,0,0,0,75,5464,10306703,5540,3,any
perf_out_v6/metrics/spmv_static_S3_t256_bind_close,227,992108,0,0,0,0,73,5447,10318230,5520,3,any
perf_out_v6/metrics/spmv_static_S3_t256_bind_close,228,992109,0,0,0,0,343,5359,10263598,5703,3,any
perf_out_v6/metrics/spmv_static_S3_t256_bind_close,229,992110,0,0,0,0,15,5318,10268749,5333,3,any
perf_out_v6/metrics/spmv_static_S3_t256_bind_close,230,992111,0,0,0,0,10,5495,10292474,5505,3,any
perf_out_v6/metrics/spmv_static_S3_t256_bind_close,231,992112,0,0,0,0,2,5367,10294834,5369,3,any
perf_out_v6/metrics/spmv_static_S3_t256_bind_close,232,992113,0,0,0,0,347,5544,10243508,5891,3,any
perf_out_v6/metrics/spmv_static_S3_t256_bind_close,233,992114,0,0,0,0,12,5189,10282848,5201,3,any
perf_out_v6/metrics/spmv_static_S3_t256_bind_close,234,992115,0,0,0,0,6,5246,10270692,5252,3,any
perf_out_v6/metrics/spmv_static_S3_t256_bind_close,235,992116,0,0,0,0,26,5429,10363084,5455,3,any
perf_out_v6/metrics/spmv_static_S3_t256_bind_close,236,992117,0,0,0,0,405,5367,10237200,5772,3,any
perf_out_v6/metrics/spmv_static_S3_t256_bind_close,237,992118,0,0,0,0,35,5589,10228751,5624,3,any
perf_out_v6/metrics/spmv_static_S3_t256_bind_close,238,992119,0,0,0,0,59,5694,10240756,5753,3,any
perf_out_v6/metrics/spmv_static_S3_t256_bind_close,239,992120,0,0,1,0,531,5880,10295543,6411,3,any
perf_out_v6/metrics/spmv_static_S3_t256_bind_close,240,992121,0,0,0,0,8067,5819,10291114,13886,3,any
perf_out_v6/metrics/spmv_static_S3_t256_bind_close,241,992122,0,0,0,0,54,6033,10234239,6087,3,any
perf_out_v6/metrics/spmv_static_S3_t256_bind_close,242,992123,0,0,0,0,97,6303,10298293,6400,3,any
perf_out_v6/metrics/spmv_static_S3_t256_bind_close,243,992124,0,0,0,0,179,6166,10339856,6345,3,any
perf_out_v6/metrics/spmv_static_S3_t256_bind_close,244,992125,0,0,0,0,345,6032,10306209,6377,3,any
perf_out_v6/metrics/spmv_static_S3_t256_bind_close,245,992126,0,0,0,0,10,6139,10299649,6149,3,any
perf_out_v6/metrics/spmv_static_S3_t256_bind_close,246,992127,0,0,0,0,5,5910,10302706,5915,3,any
perf_out_v6/metrics/spmv_static_S3_t256_bind_close,247,992128,0,0,0,0,3,5774,10295721,5777,3,any
perf_out_v6/metrics/spmv_static_S3_t256_bind_close,248,992129,0,0,0,0,348,5910,10285389,6258,3,any
perf_out_v6/metrics/spmv_static_S3_t256_bind_close,249,992130,0,0,0,0,4,5932,10233105,5936,3,any
perf_out_v6/metrics/spmv_static_S3_t256_bind_close,250,992131,0,0,0,0,7,5793,10299771,5800,3,any
perf_out_v6/metrics/spmv_static_S3_t256_bind_close,251,992132,0,0,0,0,5,5777,10353126,5782,3,any
perf_out_v6/metrics/spmv_static_S3_t256_bind_close,252,992133,0,0,0,0,334,6124,10369921,6458,3,any
perf_out_v6/metrics/spmv_static_S3_t256_bind_close,253,992134,0,0,0,0,13,5876,10255058,5889,3,any
perf_out_v6/metrics/spmv_static_S3_t256_bind_close,254,992135,0,0,0,0,24,5776,10232285,5800,3,any
perf_out_v6/metrics/spmv_static_S3_t256_bind_close,255,992136,0,0,0,0,1133,6194,10284502,7327,3,any
