rep,time_ms
0,9.596040
1,9.591779
2,9.716851
3,9.647610
4,9.635339
5,9.696511
6,9.699681
7,9.576329
8,9.594289
9,9.683480
10,9.573329
11,9.609410
12,9.561499
13,9.756961
14,9.740441
15,9.672230
16,9.655540
17,9.699831
18,9.698120
19,9.529719
20,9.597209
21,9.629380
22,9.724841
23,9.609799
24,9.581709
25,9.725631
26,9.664720
27,9.588380
28,9.632599
29,9.562349
30,9.717751
31,9.673380
32,9.592200
33,9.728660
34,9.709201
35,9.700921
36,9.635019
37,9.593570
38,9.602139
39,9.707511
40,9.706860
41,9.702241
42,9.725461
43,9.708910
44,9.622310
45,9.658350
46,9.686160
47,9.704691
48,9.682100
49,9.696351
50,9.638600
51,9.694190
52,9.622900
53,9.613429
54,9.720821
55,9.637940
56,11.567352
57,8.388455
58,8.387096
59,8.362335
60,8.407126
61,8.366275
62,8.360865
63,8.367756
64,8.397255
65,8.381456
66,8.396896
67,8.387855
68,8.375926
69,8.427886
70,8.404546
71,8.354955
72,8.404766
73,8.344615
74,8.375495
75,8.387545
76,8.423187
77,8.397585
78,8.404406
79,8.411906
80,8.444426
81,8.394466
82,8.389555
83,8.427276
84,8.385146
85,8.408616
86,8.386505
87,8.402286
88,8.380216
89,8.431816
90,8.418146
91,8.394425
92,8.362635
93,8.415656
94,8.378066
95,8.402246
96,8.408675
97,8.443577
98,8.393535
99,8.409446
100,8.406456
101,8.352585
102,8.383065
103,8.370236
104,8.376555
105,8.422476
106,8.403486
107,8.429876
108,8.374166
109,8.392085
110,8.444336
111,8.424906
112,8.409936
113,8.376926
114,8.426386
115,8.433836
116,8.384915
117,8.406256
118,8.428796
119,8.413886
120,8.379885
121,8.399916
122,8.392916
123,8.374525
124,8.401706
125,8.417036
126,8.405196
127,8.402915
128,8.396386
129,8.417486
130,8.418586
131,8.404436
132,8.392055
133,8.358886
134,8.400925
135,8.421476
136,8.393216
137,8.378425
138,8.409686
139,8.423666
140,8.375066
141,8.379865
142,8.406186
143,8.420976
144,8.391635
145,8.377146
146,8.409426
147,8.394075
148,8.415616
149,8.391456
