tag,tid,ompt_id,thread_type,last_cpu,numa_node,migrations,remote_fills,instructions,cycles,ipc
stencil_t8_scheduler,81607,281474976710657,ompt_thread_initial,255,1,0,1337501,405222215112,106009474498,3.822509
stencil_t8_scheduler,81609,562949953421313,ompt_thread_worker,8,0,0,904092,404436154862,106176464723,3.809094
stencil_t8_scheduler,81610,844424930131969,ompt_thread_worker,207,1,0,949747,404572301238,106163936529,3.810826
stencil_t8_scheduler,81611,1125899906842625,ompt_thread_worker,215,1,0,1015475,406369365193,105853176603,3.838991
stencil_t8_scheduler,81612,1407374883553281,ompt_thread_worker,2,0,0,957423,405802054414,105946098598,3.830269
stencil_t8_scheduler,81613,1688849860263937,ompt_thread_worker,223,1,0,1019578,405338132225,105999879056,3.823949
stencil_t8_scheduler,81614,2251799813685249,ompt_thread_worker,231,1,0,1021765,405607026400,105959233244,3.827954
stencil_t8_scheduler,81615,1970324836974593,ompt_thread_worker,33,0,0,1503423,405409090425,106066770579,3.822206
spmv_static_t8_scheduler,81621,281474976710657,ompt_thread_initial,255,1,0,218674264,37849646799,29301593320,1.291727
spmv_static_t8_scheduler,81630,562949953421313,ompt_thread_worker,1,0,0,217642216,37358261056,29361969457,1.272335
spmv_static_t8_scheduler,81631,844424930131969,ompt_thread_worker,215,1,0,219358414,37651831862,29323809867,1.284002
spmv_static_t8_scheduler,81629,1407374883553281,ompt_thread_worker,76,1,0,215757196,37191177617,29350221943,1.267151
spmv_static_t8_scheduler,81628,1125899906842625,ompt_thread_worker,66,1,0,219834505,37110962953,29379843657,1.263144
spmv_static_t8_scheduler,81634,2251799813685249,ompt_thread_worker,223,1,0,219628100,37326575360,29388320364,1.270116
spmv_static_t8_scheduler,81633,1970324836974593,ompt_thread_worker,9,0,0,216804969,37758386395,29293585126,1.288964
spmv_static_t8_scheduler,81632,1688849860263937,ompt_thread_worker,24,0,0,220640810,37151973631,29354906121,1.265614
stencil_t16_scheduler,81638,281474976710657,ompt_thread_initial,127,1,0,645137,202716428217,53442770163,3.793150
stencil_t16_scheduler,81641,562949953421313,ompt_thread_worker,207,1,0,476193,202862055458,53406158459,3.798477
stencil_t16_scheduler,81640,844424930131969,ompt_thread_worker,48,0,0,455736,202797135915,53427528307,3.795742
stencil_t16_scheduler,81642,1125899906842625,ompt_thread_worker,24,0,0,454586,202523464176,53462477063,3.788142
stencil_t16_scheduler,81643,1407374883553281,ompt_thread_worker,215,1,0,501802,203519869072,53312021968,3.817523
stencil_t16_scheduler,81644,1688849860263937,ompt_thread_worker,168,0,0,449280,203094077411,53380092108,3.804678
stencil_t16_scheduler,81645,1970324836974593,ompt_thread_worker,56,0,0,467424,202828642657,53440192856,3.795432
stencil_t16_scheduler,81646,2251799813685249,ompt_thread_worker,96,1,0,500673,202735292776,53427480721,3.794588
stencil_t16_scheduler,81647,2814749767106561,ompt_thread_worker,111,1,0,469276,203002743935,53389835406,3.802273
stencil_t16_scheduler,81648,2533274790395905,ompt_thread_worker,32,0,0,465334,203122655795,53387914646,3.804656
stencil_t16_scheduler,81650,3096224743817217,ompt_thread_worker,128,0,0,452326,203193757260,53350823201,3.808634
stencil_t16_scheduler,81649,3377699720527873,ompt_thread_worker,244,1,0,475962,203005723195,53390746573,3.802264
stencil_t16_scheduler,81652,3940649673949185,ompt_thread_worker,64,1,0,471231,202814615048,53430218658,3.795878
stencil_t16_scheduler,81651,3659174697238529,ompt_thread_worker,16,0,0,456175,203216762036,53388821536,3.806354
stencil_t16_scheduler,81653,4222124650659841,ompt_thread_worker,91,1,0,475069,203287416636,53343122144,3.810940
stencil_t16_scheduler,81654,4503599627370497,ompt_thread_worker,103,1,0,951435,203232609370,53360549455,3.808668
spmv_static_t16_scheduler,81658,281474976710657,ompt_thread_initial,255,1,0,107010476,20745305817,17811173321,1.164735
spmv_static_t16_scheduler,81677,562949953421313,ompt_thread_worker,192,1,0,106156624,20539110066,17758308388,1.156592
spmv_static_t16_scheduler,81678,1125899906842625,ompt_thread_worker,200,1,0,110895036,19779451714,17854991792,1.107783
spmv_static_t16_scheduler,81680,1407374883553281,ompt_thread_worker,208,1,0,121794100,18638458993,18032905230,1.033580
spmv_static_t16_scheduler,81679,844424930131969,ompt_thread_worker,8,0,0,104286864,20547823391,17777410477,1.155839
spmv_static_t16_scheduler,81681,1688849860263937,ompt_thread_worker,24,0,0,105469274,20509538805,17784078635,1.153253
spmv_static_t16_scheduler,81682,1970324836974593,ompt_thread_worker,223,1,0,105488713,20581248908,17811423768,1.155508
spmv_static_t16_scheduler,81683,2251799813685249,ompt_thread_worker,103,1,0,104593832,20548426050,17788980044,1.155121
spmv_static_t16_scheduler,81684,2533274790395905,ompt_thread_worker,111,1,0,102783536,20717075609,17772335925,1.165692
spmv_static_t16_scheduler,81686,3096224743817217,ompt_thread_worker,166,0,0,104340745,20391832964,17787712047,1.146400
spmv_static_t16_scheduler,81688,3377699720527873,ompt_thread_worker,16,0,0,106852973,20310049531,17814727936,1.140071
spmv_static_t16_scheduler,81685,2814749767106561,ompt_thread_worker,0,0,0,107841439,19836964499,17846373658,1.111540
spmv_static_t16_scheduler,81687,3659174697238529,ompt_thread_worker,119,1,0,103741816,20386405052,17829119575,1.143433
spmv_static_t16_scheduler,81689,3940649673949185,ompt_thread_worker,48,0,0,112400249,19356655230,17923726716,1.079946
spmv_static_t16_scheduler,81690,4222124650659841,ompt_thread_worker,168,0,0,102724877,20635415337,17760314623,1.161883
spmv_static_t16_scheduler,81691,4503599627370497,ompt_thread_worker,87,1,0,123460987,18548616389,18066148404,1.026706
stencil_t32_scheduler,81695,281474976710657,ompt_thread_initial,255,1,0,425675,101263690882,26749860826,3.785578
stencil_t32_scheduler,81697,562949953421313,ompt_thread_worker,70,1,0,267356,101489249039,26692305970,3.802191
stencil_t32_scheduler,81699,844424930131969,ompt_thread_worker,120,1,0,253465,101709076617,26671091872,3.813458
stencil_t32_scheduler,81698,1125899906842625,ompt_thread_worker,64,1,0,289536,101837247925,26663499176,3.819350
stencil_t32_scheduler,81700,1407374883553281,ompt_thread_worker,87,1,0,277862,101695085844,26649830057,3.815975
stencil_t32_scheduler,81701,1970324836974593,ompt_thread_worker,121,1,0,252303,101651524725,26686854294,3.809049
stencil_t32_scheduler,81702,1688849860263937,ompt_thread_worker,10,0,0,196273,101660932300,26715550864,3.805309
stencil_t32_scheduler,81703,2251799813685249,ompt_thread_worker,97,1,0,259070,101664347881,26717196633,3.805203
stencil_t32_scheduler,81704,2533274790395905,ompt_thread_worker,239,1,0,273076,101453710888,26684645367,3.801951
stencil_t32_scheduler,81705,2814749767106561,ompt_thread_worker,1,0,0,264685,101633102268,26714456827,3.804423
stencil_t32_scheduler,81707,3096224743817217,ompt_thread_worker,74,1,0,250318,101642405093,26727853410,3.802865
stencil_t32_scheduler,81706,3377699720527873,ompt_thread_worker,247,1,0,270377,101390089796,26728162394,3.793380
stencil_t32_scheduler,81709,3659174697238529,ompt_thread_worker,223,1,0,255408,101599219374,26709013540,3.803930
stencil_t32_scheduler,81710,4222124650659841,ompt_thread_worker,75,1,0,251420,101691959784,26716357323,3.806356
stencil_t32_scheduler,81708,3940649673949185,ompt_thread_worker,32,0,0,209881,101519906791,26666540502,3.807015
stencil_t32_scheduler,81711,4503599627370497,ompt_thread_worker,16,0,0,204725,101665558437,26705922492,3.806854
stencil_t32_scheduler,81712,4785074604081153,ompt_thread_worker,231,1,0,278589,101561694522,26745964435,3.797272
stencil_t32_scheduler,81713,5066549580791809,ompt_thread_worker,108,1,0,260236,101513129354,26695009144,3.802701
stencil_t32_scheduler,81714,5348024557502465,ompt_thread_worker,98,1,0,259853,101543059117,26698494151,3.803325
stencil_t32_scheduler,81715,5629499534213121,ompt_thread_worker,209,1,0,268628,101636864227,26661854651,3.812070
stencil_t32_scheduler,81716,5910974510923777,ompt_thread_worker,91,1,0,261590,101618112381,26663925647,3.811071
stencil_t32_scheduler,81717,6192449487634433,ompt_thread_worker,80,1,0,259068,101512871752,26744598765,3.795640
stencil_t32_scheduler,81718,6473924464345089,ompt_thread_worker,48,0,0,214446,101534305611,26741893580,3.796826
stencil_t32_scheduler,81719,6755399441055745,ompt_thread_worker,56,0,0,236635,101512977025,26748928720,3.795030
stencil_t32_scheduler,81720,7036874417766401,ompt_thread_worker,57,0,0,268263,101488658218,26696106050,3.801628
stencil_t32_scheduler,81721,7318349394477057,ompt_thread_worker,114,1,0,254079,101630235310,26701305761,3.806190
stencil_t32_scheduler,81722,7599824371187713,ompt_thread_worker,113,1,0,255901,101475775703,26730685826,3.796228
stencil_t32_scheduler,81723,7881299347898369,ompt_thread_worker,107,1,0,257139,101613029194,26709355907,3.804398
stencil_t32_scheduler,81724,8162774324609025,ompt_thread_worker,24,0,0,229804,101531561147,26675724352,3.806141
stencil_t32_scheduler,81725,8444249301319681,ompt_thread_worker,88,1,0,271248,101768580120,26700452054,3.811493
stencil_t32_scheduler,81726,8725724278030337,ompt_thread_worker,2,0,0,245185,101638470296,26735909048,3.801572
stencil_t32_scheduler,81727,9007199254740993,ompt_thread_worker,40,0,0,607720,101621364047,26708941961,3.804769
spmv_static_t32_scheduler,81731,281474976710657,ompt_thread_initial,127,1,0,63366791,9499709129,15599996398,0.608956
spmv_static_t32_scheduler,81737,562949953421313,ompt_thread_worker,16,0,0,57467759,11475903433,15308682665,0.749634
spmv_static_t32_scheduler,81739,844424930131969,ompt_thread_worker,106,1,0,62514590,9618694023,15553371042,0.618431
spmv_static_t32_scheduler,81738,1125899906842625,ompt_thread_worker,207,1,0,63245161,10975580371,15386337680,0.713333
spmv_static_t32_scheduler,81740,1407374883553281,ompt_thread_worker,67,1,0,64302564,11160887743,15360727591,0.726586
spmv_static_t32_scheduler,81742,1688849860263937,ompt_thread_worker,123,1,0,62878049,9783864876,15584315177,0.627802
spmv_static_t32_scheduler,81741,1970324836974593,ompt_thread_worker,124,1,0,62908431,9735721104,15559523731,0.625708
spmv_static_t32_scheduler,81744,2251799813685249,ompt_thread_worker,56,0,0,49103190,14968427384,14893630114,1.005022
spmv_static_t32_scheduler,81743,2533274790395905,ompt_thread_worker,81,1,0,63725333,12049999594,15311706605,0.786980
spmv_static_t32_scheduler,81746,2814749767106561,ompt_thread_worker,24,0,0,52480019,14572291864,14919379219,0.976736
spmv_static_t32_scheduler,81745,3096224743817217,ompt_thread_worker,239,1,0,59265078,9427091104,15589192453,0.604720
spmv_static_t32_scheduler,81748,3377699720527873,ompt_thread_worker,198,1,0,61725899,11173614557,15379488158,0.726527
spmv_static_t32_scheduler,81747,3659174697238529,ompt_thread_worker,247,1,0,62646078,10279967631,15489815739,0.663660
spmv_static_t32_scheduler,81750,4222124650659841,ompt_thread_worker,78,1,0,59701745,10722952650,15409312874,0.695875
spmv_static_t32_scheduler,81749,3940649673949185,ompt_thread_worker,8,0,0,54059510,12900745411,15151534591,0.851448
spmv_static_t32_scheduler,81751,4503599627370497,ompt_thread_worker,71,1,0,62259490,11246354941,15408209393,0.729894
spmv_static_t32_scheduler,81752,4785074604081153,ompt_thread_worker,168,0,0,51453126,14672165013,14948488955,0.981515
spmv_static_t32_scheduler,81753,5066549580791809,ompt_thread_worker,90,1,0,61820246,10783887784,15395791844,0.700444
spmv_static_t32_scheduler,81754,5348024557502465,ompt_thread_worker,80,1,0,61131985,11922004343,15233851650,0.782599
spmv_static_t32_scheduler,81755,5629499534213121,ompt_thread_worker,223,1,0,61689561,10697620278,15369184746,0.696043
spmv_static_t32_scheduler,81756,5910974510923777,ompt_thread_worker,125,1,0,62196004,9442356756,15584807381,0.605869
spmv_static_t32_scheduler,81757,6192449487634433,ompt_thread_worker,72,1,0,60488193,10988338355,15412021614,0.712972
spmv_static_t32_scheduler,81758,6473924464345089,ompt_thread_worker,227,1,0,63006456,12219625536,15211739077,0.803302
spmv_static_t32_scheduler,81759,6755399441055745,ompt_thread_worker,102,1,0,64056087,12234765921,15214628300,0.804145
spmv_static_t32_scheduler,81760,7036874417766401,ompt_thread_worker,113,1,0,64312703,10575552910,15427955182,0.685480
spmv_static_t32_scheduler,81761,7318349394477057,ompt_thread_worker,233,1,0,61712413,9527601012,15559074437,0.612350
spmv_static_t32_scheduler,81762,7599824371187713,ompt_thread_worker,112,1,0,62694833,10657389696,15474882553,0.688690
spmv_static_t32_scheduler,81763,7881299347898369,ompt_thread_worker,74,1,0,61790179,9706668507,15567627692,0.623516
spmv_static_t32_scheduler,81764,8162774324609025,ompt_thread_worker,89,1,0,62100581,10699218205,15394616888,0.694997
spmv_static_t32_scheduler,81765,8444249301319681,ompt_thread_worker,101,1,0,61399651,11938004270,15271233970,0.781731
spmv_static_t32_scheduler,81766,8725724278030337,ompt_thread_worker,104,1,0,60906145,9587356691,15595975881,0.614733
spmv_static_t32_scheduler,81767,9007199254740993,ompt_thread_worker,215,1,0,62458105,11966277542,15301151728,0.782051
stencil_t64_scheduler,81772,281474976710657,ompt_thread_initial,255,1,0,7166804,52477174123,16958297719,3.094484
stencil_t64_scheduler,81774,562949953421313,ompt_thread_worker,123,1,0,8746174,52535672698,16870420453,3.114070
stencil_t64_scheduler,81777,844424930131969,ompt_thread_worker,206,1,0,7878863,52742785359,16814784105,3.136691
stencil_t64_scheduler,81776,1125899906842625,ompt_thread_worker,48,0,0,95660,53510989891,16725107415,3.199441
stencil_t64_scheduler,81775,1407374883553281,ompt_thread_worker,124,1,0,9192708,52172003404,16896880134,3.087671
stencil_t64_scheduler,81778,1688849860263937,ompt_thread_worker,250,1,0,7844566,52112511844,16934350007,3.077326
stencil_t64_scheduler,81779,1970324836974593,ompt_thread_worker,126,1,0,9439353,52555244348,16888712840,3.111856
stencil_t64_scheduler,81780,2251799813685249,ompt_thread_worker,56,0,0,96964,53529363070,16753389655,3.195136
stencil_t64_scheduler,81781,2533274790395905,ompt_thread_worker,118,1,0,8533923,52592319001,16829270373,3.125050
stencil_t64_scheduler,81782,2814749767106561,ompt_thread_worker,168,0,0,94819,53578721151,16688885093,3.210443
stencil_t64_scheduler,81784,3096224743817217,ompt_thread_worker,128,0,0,1109436,53325432301,16777359377,3.178416
stencil_t64_scheduler,81783,3377699720527873,ompt_thread_worker,125,1,0,8733789,52554509911,16896046441,3.110462
stencil_t64_scheduler,81786,3940649673949185,ompt_thread_worker,32,0,0,98895,53521530241,16679178096,3.208883
stencil_t64_scheduler,81785,3659174697238529,ompt_thread_worker,112,1,0,7683129,52662171143,16824127844,3.130158
stencil_t64_scheduler,81787,4222124650659841,ompt_thread_worker,69,1,0,6287476,52957507109,16855193477,3.141910
stencil_t64_scheduler,81788,4503599627370497,ompt_thread_worker,16,0,0,97777,53592450162,16767699505,3.196172
stencil_t64_scheduler,81789,4785074604081153,ompt_thread_worker,114,1,0,5545304,52919347483,16758738879,3.157717
stencil_t64_scheduler,81790,5066549580791809,ompt_thread_worker,200,1,0,7466925,52675802833,16819810618,3.131771
stencil_t64_scheduler,81791,5348024557502465,ompt_thread_worker,82,1,0,5130009,52893880070,16801843417,3.148100
stencil_t64_scheduler,81792,5629499534213121,ompt_thread_worker,102,1,0,9551383,52389867399,16872124993,3.105114
stencil_t64_scheduler,81793,5910974510923777,ompt_thread_worker,84,1,0,5803081,52431835246,16838800352,3.113751
stencil_t64_scheduler,81794,6192449487634433,ompt_thread_worker,218,1,0,6196380,51803197440,16964490926,3.053625
stencil_t64_scheduler,81795,6473924464345089,ompt_thread_worker,94,1,0,8081551,52600666120,16873388919,3.117374
stencil_t64_scheduler,81796,6755399441055745,ompt_thread_worker,92,1,0,7628839,52660505494,16902749443,3.115499
stencil_t64_scheduler,81797,7036874417766401,ompt_thread_worker,77,1,0,5635567,52073835739,16913518609,3.078829
stencil_t64_scheduler,81798,7318349394477057,ompt_thread_worker,204,1,0,6172944,52357384831,16897650646,3.098501
stencil_t64_scheduler,81799,7599824371187713,ompt_thread_worker,203,1,0,8347186,52715481835,16858703172,3.126900
stencil_t64_scheduler,81800,7881299347898369,ompt_thread_worker,113,1,0,5187123,52975563659,16853196001,3.143354
stencil_t64_scheduler,81801,8162774324609025,ompt_thread_worker,68,1,0,6375872,52944317873,16795268576,3.152335
stencil_t64_scheduler,81802,8444249301319681,ompt_thread_worker,121,1,0,8747349,52374156767,16880871361,3.102574
stencil_t64_scheduler,81803,8725724278030337,ompt_thread_worker,67,1,0,5292849,52995439064,16835921522,3.147760
stencil_t64_scheduler,81804,9007199254740993,ompt_thread_worker,85,1,0,6371731,51716967254,17000752251,3.042040
stencil_t64_scheduler,81805,9288674231451649,ompt_thread_worker,66,1,0,5250862,52460046782,16854128899,3.112593
stencil_t64_scheduler,81806,9570149208162305,ompt_thread_worker,116,1,0,3895564,52979219844,16808499484,3.151930
stencil_t64_scheduler,81807,9851624184872961,ompt_thread_worker,237,1,0,7938432,51448577008,16935788523,3.037861
stencil_t64_scheduler,81808,10133099161583617,ompt_thread_worker,104,1,0,5388875,52682240033,16827590773,3.130706
stencil_t64_scheduler,81809,10414574138294273,ompt_thread_worker,236,1,0,6849259,52338975558,16853467370,3.105532
stencil_t64_scheduler,81810,10696049115004929,ompt_thread_worker,81,1,0,6459862,51391849063,16989248388,3.024963
stencil_t64_scheduler,81811,10977524091715585,ompt_thread_worker,233,1,0,6261638,52368188282,16915663182,3.095840
stencil_t64_scheduler,81812,11258999068426241,ompt_thread_worker,24,0,1,4838193,52202800120,16942799370,3.081120
stencil_t64_scheduler,81813,11540474045136897,ompt_thread_worker,80,1,0,11161904,52004183745,16908435289,3.075635
stencil_t64_scheduler,81814,11821949021847553,ompt_thread_worker,71,1,0,7968276,51987768154,16956137659,3.066015
stencil_t64_scheduler,81815,12103423998558209,ompt_thread_worker,202,1,0,8320905,52693924150,16881764866,3.121352
stencil_t64_scheduler,81816,12384898975268865,ompt_thread_worker,8,0,0,936994,53485573245,16797297884,3.184177
stencil_t64_scheduler,81817,12666373951979521,ompt_thread_worker,235,1,0,8335274,52360610634,16849140839,3.107613
stencil_t64_scheduler,81818,12947848928690177,ompt_thread_worker,97,1,0,8141431,51872139021,16951849782,3.059969
stencil_t64_scheduler,81819,13229323905400833,ompt_thread_worker,239,1,0,8221786,52304018768,16899814822,3.094946
stencil_t64_scheduler,81820,13510798882111489,ompt_thread_worker,238,1,0,6694952,52384940243,16939977269,3.092386
stencil_t64_scheduler,81821,13792273858822145,ompt_thread_worker,99,1,0,9145314,52433524089,16913313382,3.100133
stencil_t64_scheduler,81822,14073748835532801,ompt_thread_worker,207,1,0,6513763,52634525587,16826679760,3.128040
stencil_t64_scheduler,81823,14355223812243457,ompt_thread_worker,229,1,0,7210349,52174772387,16903438241,3.086637
stencil_t64_scheduler,81824,14636698788954113,ompt_thread_worker,115,1,0,4900597,52971725817,16830588404,3.147348
stencil_t64_scheduler,81825,14918173765664769,ompt_thread_worker,83,1,0,6235693,52849626655,16798882582,3.146020
stencil_t64_scheduler,81826,15199648742375425,ompt_thread_worker,217,1,0,6423879,52295960147,16899906162,3.094453
stencil_t64_scheduler,81827,15481123719086081,ompt_thread_worker,93,1,0,6524686,52591430460,16868811563,3.117673
stencil_t64_scheduler,81828,15762598695796737,ompt_thread_worker,91,1,0,6946022,52633709650,16891831817,3.115927
stencil_t64_scheduler,81829,16044073672507393,ompt_thread_worker,228,1,0,6167942,52459527900,16893644510,3.105282
stencil_t64_scheduler,81830,16325548649218049,ompt_thread_worker,1,0,0,6921102,52918254010,16833216868,3.143680
stencil_t64_scheduler,81831,16607023625928705,ompt_thread_worker,117,1,0,5114634,52907190409,16838268846,3.142080
stencil_t64_scheduler,81832,16888498602639361,ompt_thread_worker,103,1,0,6956970,52450945858,16904610615,3.102760
stencil_t64_scheduler,81833,17169973579350017,ompt_thread_worker,95,1,0,7653909,52563692792,16860104014,3.117638
stencil_t64_scheduler,81834,17451448556060673,ompt_thread_worker,224,1,0,5295369,52301122739,16902187467,3.094340
stencil_t64_scheduler,81835,17732923532771329,ompt_thread_worker,70,1,0,5677704,52887136834,16832497073,3.141966
stencil_t64_scheduler,81836,18014398509481985,ompt_thread_worker,215,1,0,5244181,53051673968,16853368759,3.147838
spmv_static_t64_scheduler,81840,281474976710657,ompt_thread_initial,255,1,0,32283299,5558461699,14034844922,0.396047
spmv_static_t64_scheduler,81860,562949953421313,ompt_thread_worker,193,1,0,32561338,7122906043,13726581962,0.518913
spmv_static_t64_scheduler,81862,844424930131969,ompt_thread_worker,110,1,0,31428413,5476981080,13936802987,0.392987
spmv_static_t64_scheduler,81861,1125899906842625,ompt_thread_worker,122,1,0,31506117,5632540549,13948969613,0.403796
spmv_static_t64_scheduler,81864,1407374883553281,ompt_thread_worker,124,1,0,31621641,5741835323,13898092754,0.413138
spmv_static_t64_scheduler,81863,1688849860263937,ompt_thread_worker,78,1,0,32217620,6298005102,13826342520,0.455508
spmv_static_t64_scheduler,81867,1970324836974593,ompt_thread_worker,183,0,0,22438513,11786958824,13148527734,0.896447
spmv_static_t64_scheduler,81865,2251799813685249,ompt_thread_worker,126,1,0,28713094,7392685027,13677430440,0.540502
spmv_static_t64_scheduler,81866,2533274790395905,ompt_thread_worker,91,1,0,31588108,7471819689,13735520476,0.543978
spmv_static_t64_scheduler,81869,2814749767106561,ompt_thread_worker,32,0,0,21879104,11587517149,13112999257,0.883666
spmv_static_t64_scheduler,81868,3096224743817217,ompt_thread_worker,16,0,0,26692871,11319642446,13185613564,0.858484
spmv_static_t64_scheduler,81870,3377699720527873,ompt_thread_worker,191,0,0,25528176,11449077172,13251037647,0.864014
spmv_static_t64_scheduler,81871,3659174697238529,ompt_thread_worker,56,0,0,25456403,11323616314,13147770011,0.861258
spmv_static_t64_scheduler,81873,3940649673949185,ompt_thread_worker,198,1,0,31087028,7026133279,13772849242,0.510144
spmv_static_t64_scheduler,81872,4222124650659841,ompt_thread_worker,48,0,0,26412914,11095029126,13234733213,0.838327
spmv_static_t64_scheduler,81875,4785074604081153,ompt_thread_worker,103,1,0,30260909,5600318324,13912808495,0.402530
spmv_static_t64_scheduler,81874,4503599627370497,ompt_thread_worker,25,0,0,23509585,11669326219,13163071566,0.886520
spmv_static_t64_scheduler,81876,5066549580791809,ompt_thread_worker,3,0,0,29856185,11065145628,13163479489,0.840594
spmv_static_t64_scheduler,81877,5348024557502465,ompt_thread_worker,168,0,0,21344180,11685886374,13051150793,0.895391
spmv_static_t64_scheduler,81878,5629499534213121,ompt_thread_worker,222,1,0,31245279,6082161098,13808411979,0.440468
spmv_static_t64_scheduler,81879,5910974510923777,ompt_thread_worker,101,1,0,32031622,5733927378,13873029235,0.413315
spmv_static_t64_scheduler,81880,6192449487634433,ompt_thread_worker,104,1,0,30849286,5964278622,13850450682,0.430620
spmv_static_t64_scheduler,81881,6473924464345089,ompt_thread_worker,89,1,0,30023271,6264948259,13836775808,0.452775
spmv_static_t64_scheduler,81882,6755399441055745,ompt_thread_worker,108,1,0,30645713,6236472176,13854885193,0.450128
spmv_static_t64_scheduler,81883,7036874417766401,ompt_thread_worker,109,1,0,31193721,5719418786,13808727285,0.414189
spmv_static_t64_scheduler,81884,7318349394477057,ompt_thread_worker,84,1,0,30561574,5474566001,13927828403,0.393067
spmv_static_t64_scheduler,81885,7599824371187713,ompt_thread_worker,90,1,0,30654643,6299753111,13811879416,0.456111
spmv_static_t64_scheduler,81886,7881299347898369,ompt_thread_worker,92,1,0,31178180,6365788279,13901043659,0.457936
spmv_static_t64_scheduler,81887,8162774324609025,ompt_thread_worker,66,1,0,31948739,7041339892,13673343917,0.514968
spmv_static_t64_scheduler,81888,8444249301319681,ompt_thread_worker,75,1,0,30630783,7036092503,13735591067,0.512253
spmv_static_t64_scheduler,81889,8725724278030337,ompt_thread_worker,68,1,0,28733148,7586493743,13675240033,0.554761
spmv_static_t64_scheduler,81890,9007199254740993,ompt_thread_worker,76,1,0,29650080,6999624815,13749358948,0.509087
spmv_static_t64_scheduler,81891,9288674231451649,ompt_thread_worker,74,1,0,31446869,6666897159,13840547189,0.481693
spmv_static_t64_scheduler,81892,9570149208162305,ompt_thread_worker,118,1,0,30497650,6285101202,13783994260,0.455971
spmv_static_t64_scheduler,81893,9851624184872961,ompt_thread_worker,116,1,0,31416291,5262340674,13926424723,0.377867
spmv_static_t64_scheduler,81894,10133099161583617,ompt_thread_worker,230,1,0,31876224,5805703473,13874634094,0.418440
spmv_static_t64_scheduler,81895,10414574138294273,ompt_thread_worker,100,1,0,32307616,5885544577,13834489179,0.425426
spmv_static_t64_scheduler,81896,10696049115004929,ompt_thread_worker,83,1,0,30662620,5528153659,13921135131,0.397105
spmv_static_t64_scheduler,81897,10977524091715585,ompt_thread_worker,215,1,0,30273136,5700581153,13910287550,0.409810
spmv_static_t64_scheduler,81898,11258999068426241,ompt_thread_worker,125,1,0,32205242,5457951319,13967380590,0.390764
spmv_static_t64_scheduler,81899,11540474045136897,ompt_thread_worker,98,1,0,31181494,6187203988,13790611432,0.448653
spmv_static_t64_scheduler,81900,11821949021847553,ompt_thread_worker,96,1,0,30940661,5485765111,13948248612,0.393294
spmv_static_t64_scheduler,81901,12103423998558209,ompt_thread_worker,115,1,0,30726535,5451346449,13902232552,0.392120
spmv_static_t64_scheduler,81902,12384898975268865,ompt_thread_worker,117,1,0,29973900,5456470434,13987709523,0.390090
spmv_static_t64_scheduler,81903,12666373951979521,ompt_thread_worker,119,1,0,30255659,6685324768,13758276329,0.485913
spmv_static_t64_scheduler,81904,12947848928690177,ompt_thread_worker,223,1,0,30660938,6101850231,13808587056,0.441888
spmv_static_t64_scheduler,81905,13229323905400833,ompt_thread_worker,72,1,0,30340752,6498912447,13816373125,0.470378
spmv_static_t64_scheduler,81906,13510798882111489,ompt_thread_worker,112,1,0,31420847,5960212571,13933039540,0.427775
spmv_static_t64_scheduler,81907,13792273858822145,ompt_thread_worker,128,0,1,31215448,6826816721,13841587373,0.493211
spmv_static_t64_scheduler,81908,14073748835532801,ompt_thread_worker,209,1,0,26166834,10185895505,13297650936,0.765992
spmv_static_t64_scheduler,81909,14355223812243457,ompt_thread_worker,121,1,0,30830233,6093560246,13823017208,0.440827
spmv_static_t64_scheduler,81910,14636698788954113,ompt_thread_worker,208,1,0,29674360,5395761963,13864479810,0.389179
spmv_static_t64_scheduler,81911,14918173765664769,ompt_thread_worker,107,1,0,30221152,5810708577,13820002556,0.420456
spmv_static_t64_scheduler,81912,15199648742375425,ompt_thread_worker,77,1,0,30246236,6378468436,13801678511,0.462152
spmv_static_t64_scheduler,81913,15481123719086081,ompt_thread_worker,114,1,0,31412177,5322355576,13948250669,0.381579
spmv_static_t64_scheduler,81914,15762598695796737,ompt_thread_worker,251,1,0,31780627,5247928083,14031720591,0.374005
spmv_static_t64_scheduler,81915,16044073672507393,ompt_thread_worker,11,0,0,28549106,8973826072,13509814089,0.664245
spmv_static_t64_scheduler,81916,16325548649218049,ompt_thread_worker,225,1,0,32258854,5717792199,13893116571,0.411556
spmv_static_t64_scheduler,81917,16607023625928705,ompt_thread_worker,64,1,0,31215478,5602625070,13907613532,0.402846
spmv_static_t64_scheduler,81918,16888498602639361,ompt_thread_worker,67,1,0,31561877,6749446303,13804057377,0.488947
spmv_static_t64_scheduler,81919,17169973579350017,ompt_thread_worker,86,1,0,30191359,5489985163,13869968685,0.395818
spmv_static_t64_scheduler,81920,17451448556060673,ompt_thread_worker,85,1,0,30703327,5598754507,13960762158,0.401035
spmv_static_t64_scheduler,81921,17732923532771329,ompt_thread_worker,105,1,0,32520368,6241475896,13814105305,0.451819
spmv_static_t64_scheduler,81922,18014398509481985,ompt_thread_worker,106,1,0,30520281,6824576528,13809089998,0.494209
stencil_t128_scheduler,81926,281474976710657,ompt_thread_initial,24,0,1,8519295,28914359951,14571729008,1.984278
stencil_t128_scheduler,81928,562949953421313,ompt_thread_worker,35,0,1,7336356,29240552930,14366865359,2.035277
stencil_t128_scheduler,81930,844424930131969,ompt_thread_worker,42,0,0,5870113,29290952967,14381956799,2.036646
stencil_t128_scheduler,81929,1125899906842625,ompt_thread_worker,19,0,0,7618455,29369668923,14407642338,2.038478
stencil_t128_scheduler,81931,1407374883553281,ompt_thread_worker,220,1,0,7152918,28748941764,14378626698,1.999422
stencil_t128_scheduler,81932,1688849860263937,ompt_thread_worker,100,1,0,10789428,28693771876,14231017415,2.016284
stencil_t128_scheduler,81933,1970324836974593,ompt_thread_worker,201,1,0,9170429,28030887477,14438825028,1.941355
stencil_t128_scheduler,81934,2251799813685249,ompt_thread_worker,251,1,0,9830692,27932882625,14406711281,1.938880
stencil_t128_scheduler,81935,2533274790395905,ompt_thread_worker,84,1,0,9123519,28526123800,14381907213,1.983473
stencil_t128_scheduler,81936,2814749767106561,ompt_thread_worker,82,1,0,7273994,28946802172,14364813770,2.015119
stencil_t128_scheduler,81937,3377699720527873,ompt_thread_worker,191,0,0,4079143,30540150112,14105308622,2.165153
stencil_t128_scheduler,81939,3659174697238529,ompt_thread_worker,194,1,0,10035406,27945277673,14390681167,1.941901
stencil_t128_scheduler,81941,4222124650659841,ompt_thread_worker,196,1,0,10295582,28535598841,14387389595,1.983376
stencil_t128_scheduler,81940,3940649673949185,ompt_thread_worker,197,1,0,11315026,28162563322,14295571866,1.970020
stencil_t128_scheduler,81942,4503599627370497,ompt_thread_worker,195,1,0,10447982,28354934058,14467128467,1.959956
stencil_t128_scheduler,81938,3096224743817217,ompt_thread_worker,227,1,0,9075487,28959390636,14316806240,2.022755
stencil_t128_scheduler,81943,4785074604081153,ompt_thread_worker,121,1,0,12269628,27410468377,14555095501,1.883221
stencil_t128_scheduler,81944,5066549580791809,ompt_thread_worker,52,0,0,7857160,29121374705,14185123831,2.052952
stencil_t128_scheduler,81945,5348024557502465,ompt_thread_worker,32,0,0,5957843,28840750068,14221574513,2.027958
stencil_t128_scheduler,81946,5629499534213121,ompt_thread_worker,5,0,0,9120771,28933945438,14254379894,2.029828
stencil_t128_scheduler,81947,5910974510923777,ompt_thread_worker,229,1,0,10635732,28282954634,14171755420,1.995727
stencil_t128_scheduler,81948,6192449487634433,ompt_thread_worker,53,0,0,7927206,28925668070,14098652309,2.051662
stencil_t128_scheduler,81949,6473924464345089,ompt_thread_worker,16,0,0,6485206,29106043072,14188320550,2.051409
stencil_t128_scheduler,81950,6755399441055745,ompt_thread_worker,130,0,0,6504970,28819528083,14255237999,2.021680
stencil_t128_scheduler,81951,7036874417766401,ompt_thread_worker,198,1,0,10516079,28342781890,14298858617,1.982171
stencil_t128_scheduler,81952,7318349394477057,ompt_thread_worker,71,1,0,8428327,27955637487,14312844779,1.953185
stencil_t128_scheduler,81953,7599824371187713,ompt_thread_worker,230,1,0,10984304,28005997857,14344360736,1.952405
stencil_t128_scheduler,81954,7881299347898369,ompt_thread_worker,115,1,0,10125707,28106055095,14233577951,1.974630
stencil_t128_scheduler,81955,8162774324609025,ompt_thread_worker,252,1,0,13013929,27739179765,14542536382,1.907451
stencil_t128_scheduler,81956,8444249301319681,ompt_thread_worker,34,0,0,4835840,29891758500,14103775327,2.119415
stencil_t128_scheduler,81957,8725724278030337,ompt_thread_worker,112,1,0,5188225,28182706516,14253151533,1.977296
stencil_t128_scheduler,81958,9007199254740993,ompt_thread_worker,41,0,0,6148269,29188114152,14211599077,2.053823
stencil_t128_scheduler,81959,9288674231451649,ompt_thread_worker,216,1,0,8882551,28667799917,14307315798,2.003716
stencil_t128_scheduler,81960,9570149208162305,ompt_thread_worker,245,1,0,7684616,29003431702,14190242342,2.043900
stencil_t128_scheduler,81961,9851624184872961,ompt_thread_worker,125,1,0,7924386,26240682827,14398840314,1.822416
stencil_t128_scheduler,81962,10133099161583617,ompt_thread_worker,8,0,0,6526188,29674078489,14043821139,2.112963
stencil_t128_scheduler,81963,10414574138294273,ompt_thread_worker,49,0,0,7145233,29246072042,13955876015,2.095610
stencil_t128_scheduler,81964,10696049115004929,ompt_thread_worker,60,0,0,4069522,30241060746,13994356084,2.160947
stencil_t128_scheduler,81965,10977524091715585,ompt_thread_worker,254,1,0,12620152,27233421781,14299670366,1.904479
stencil_t128_scheduler,81966,11258999068426241,ompt_thread_worker,208,1,0,6750423,29619789118,14166551616,2.090826
stencil_t128_scheduler,81967,11540474045136897,ompt_thread_worker,209,1,0,7275753,29352212447,13949475019,2.104180
stencil_t128_scheduler,81968,11821949021847553,ompt_thread_worker,13,0,0,6467423,29624631376,14013940994,2.113940
stencil_t128_scheduler,81969,12103423998558209,ompt_thread_worker,57,0,0,5547830,29758045109,14088358937,2.112244
stencil_t128_scheduler,81970,12384898975268865,ompt_thread_worker,14,0,0,6717762,29796387689,14039392604,2.122342
stencil_t128_scheduler,81971,12666373951979521,ompt_thread_worker,223,1,0,9196478,29043006011,14315312576,2.028807
stencil_t128_scheduler,81972,12947848928690177,ompt_thread_worker,145,0,0,8899633,28465041838,14212398726,2.002832
stencil_t128_scheduler,81973,13229323905400833,ompt_thread_worker,250,1,0,14420722,27762116929,14313018816,1.939641
stencil_t128_scheduler,81974,13510798882111489,ompt_thread_worker,23,0,0,7552374,29267127449,14101716679,2.075430
stencil_t128_scheduler,81975,13792273858822145,ompt_thread_worker,109,1,0,9439726,27868119912,14440216161,1.929896
stencil_t128_scheduler,81976,14073748835532801,ompt_thread_worker,40,0,0,9957412,27811514209,14231269883,1.954254
stencil_t128_scheduler,81977,14355223812243457,ompt_thread_worker,43,0,0,6210862,29833348714,14031879893,2.126112
stencil_t128_scheduler,81978,14636698788954113,ompt_thread_worker,226,1,0,4645096,27437434457,14302378845,1.918383
stencil_t128_scheduler,81979,14918173765664769,ompt_thread_worker,253,1,0,7942353,26089060939,14377679899,1.814553
stencil_t128_scheduler,81980,15199648742375425,ompt_thread_worker,175,0,0,6842762,29545252299,14116237928,2.092998
stencil_t128_scheduler,81981,15481123719086081,ompt_thread_worker,241,1,0,10195075,28586768876,14264965385,2.003984
stencil_t128_scheduler,81982,15762598695796737,ompt_thread_worker,182,0,0,6808958,29772921750,14119131109,2.108694
stencil_t128_scheduler,81983,16044073672507393,ompt_thread_worker,222,1,0,6668628,28743225848,14251301440,2.016884
stencil_t128_scheduler,81984,16325548649218049,ompt_thread_worker,225,1,0,8144268,28299166637,14231215055,1.988528
stencil_t128_scheduler,81985,16607023625928705,ompt_thread_worker,89,1,0,9690572,28315924226,14345010835,1.973921
stencil_t128_scheduler,81986,16888498602639361,ompt_thread_worker,96,1,0,4269272,27374889036,14276163656,1.917524
stencil_t128_scheduler,81987,17169973579350017,ompt_thread_worker,91,1,0,8140723,28532285112,14213365723,2.007426
stencil_t128_scheduler,81988,17451448556060673,ompt_thread_worker,114,1,0,8950633,27187549562,14330221099,1.897218
stencil_t128_scheduler,81989,17732923532771329,ompt_thread_worker,64,1,0,8674772,28567926240,14271584595,2.001735
stencil_t128_scheduler,82041,32369622321725441,ompt_thread_worker,221,1,0,9828310,28905009359,14163258071,2.040845
stencil_t128_scheduler,82009,23080948090273793,ompt_thread_worker,37,0,0,5657189,29405575916,14060153405,2.091412
stencil_t128_scheduler,81999,20547673299877889,ompt_thread_worker,90,1,0,6813717,28771242636,14201703941,2.025901
stencil_t128_scheduler,82029,28991922601197569,ompt_thread_worker,159,0,0,6638196,29018386701,14233679309,2.038713
stencil_t128_scheduler,82042,32651097298436097,ompt_thread_worker,211,1,0,6589746,29564402431,14223502656,2.078560
stencil_t128_scheduler,82003,21673573206720513,ompt_thread_worker,50,0,0,5179421,29708756479,14078620135,2.110204
stencil_t128_scheduler,82047,34058472181989377,ompt_thread_worker,193,1,0,9544234,28165027923,14136283450,1.992393
stencil_t128_scheduler,81995,19421773393035265,ompt_thread_worker,240,1,0,4889541,27597834538,14367274507,1.920882
stencil_t128_scheduler,82011,23925373020405761,ompt_thread_worker,231,1,0,9799374,28654774971,14206979560,2.016951
stencil_t128_scheduler,82031,29554872554618881,ompt_thread_worker,247,1,0,8248993,28756887728,14080651783,2.042298
stencil_t128_scheduler,82022,27021597764222977,ompt_thread_worker,207,1,0,6666078,28120685938,14248901907,1.973534
stencil_t128_scheduler,82053,35747322042253313,ompt_thread_worker,28,0,0,7225409,28966063187,14115197796,2.052119
stencil_t128_scheduler,82004,21955048183431169,ompt_thread_worker,18,0,0,4138985,30041086113,14103064302,2.130111
stencil_t128_scheduler,82046,33776997205278721,ompt_thread_worker,59,0,0,3901945,30399340926,13957404199,2.178008
stencil_t128_scheduler,82017,25614222880669697,ompt_thread_worker,238,1,0,6582775,28518194910,14203408309,2.007842
stencil_t128_scheduler,82033,30117822508040193,ompt_thread_worker,246,1,0,8335341,28953975994,14153206290,2.045754
stencil_t128_scheduler,82045,33495522228568065,ompt_thread_worker,134,0,0,7085415,29060543507,14114119488,2.058970
stencil_t128_scheduler,81993,18858823439613953,ompt_thread_worker,138,0,0,4877967,29778806255,14254479692,2.089084
stencil_t128_scheduler,82008,23362423066984449,ompt_thread_worker,85,1,0,8657923,28845238838,14170061016,2.035647
stencil_t128_scheduler,82030,29273397577908225,ompt_thread_worker,61,0,0,6170765,29806737357,14049844965,2.121499
stencil_t128_scheduler,82015,25051272927248385,ompt_thread_worker,239,1,0,8708622,28334294476,14296183086,1.981948
stencil_t128_scheduler,81991,18295873486192641,ompt_thread_worker,215,1,0,6656657,29820467268,14408535585,2.069639
stencil_t128_scheduler,82035,30680772461461505,ompt_thread_worker,86,1,0,5226986,29447651139,14031118261,2.098739
stencil_t128_scheduler,82049,34621422135410689,ompt_thread_worker,44,0,0,5357371,29810286796,14059607035,2.120279
stencil_t128_scheduler,82039,31806672368304129,ompt_thread_worker,137,0,0,6588203,29826158192,14175977313,2.103993
stencil_t128_scheduler,82040,32088147345014785,ompt_thread_worker,166,0,0,4370060,30255812931,14002081538,2.160808
stencil_t128_scheduler,82000,21110623253299201,ompt_thread_worker,26,0,0,4088734,29952089782,14064758578,2.129584
stencil_t128_scheduler,82024,27584547717644289,ompt_thread_worker,167,0,0,3665327,30230174853,13931958429,2.169844
stencil_t128_scheduler,82036,30962247438172161,ompt_thread_worker,56,0,0,7121270,29040683082,14085603551,2.061728
stencil_t128_scheduler,82006,22517998136852481,ompt_thread_worker,202,1,0,10321616,28780576578,14364747769,2.003556
stencil_t128_scheduler,81992,18577348462903297,ompt_thread_worker,129,0,0,9679333,29157876424,14353762288,2.031375
stencil_t128_scheduler,82023,27303072740933633,ompt_thread_worker,233,1,0,11394060,28428151193,14313899776,1.986052
stencil_t128_scheduler,82012,24206847997116417,ompt_thread_worker,78,1,0,10500437,28717057882,14139145875,2.031032
stencil_t128_scheduler,82032,29836347531329537,ompt_thread_worker,174,0,0,5481908,29653936740,14012930831,2.116184
stencil_t128_scheduler,82021,26740122787512321,ompt_thread_worker,11,0,0,6851220,28740955416,14157851711,2.030036
stencil_t128_scheduler,82005,22236523160141825,ompt_thread_worker,248,1,0,12956258,27849158482,14327084411,1.943812
stencil_t128_scheduler,81990,18014398509481985,ompt_thread_worker,255,1,0,9674437,28570267818,14310664005,1.996432
stencil_t128_scheduler,82037,31243722414882817,ompt_thread_worker,72,1,0,7691005,28667848109,14185457434,2.020932
stencil_t128_scheduler,82013,24488322973827073,ompt_thread_worker,12,0,0,5670616,27462946147,14265373699,1.925147
stencil_t128_scheduler,82051,35184372088832001,ompt_thread_worker,204,1,0,7462840,28572646057,14272119131,2.001990
stencil_t128_scheduler,82007,22799473113563137,ompt_thread_worker,236,1,0,9125623,28683916646,14341205050,2.000105
stencil_t128_scheduler,82043,32932572275146753,ompt_thread_worker,149,0,0,7010112,28833294647,14099650326,2.044965
stencil_t128_scheduler,81997,19703248369745921,ompt_thread_worker,235,1,0,10034629,28479938199,14246473862,1.999087
stencil_t128_scheduler,82027,28428972647776257,ompt_thread_worker,232,1,0,7627389,27910138029,14353985127,1.944417
stencil_t128_scheduler,82010,23643898043695105,ompt_thread_worker,27,0,0,5192407,29573498991,13940606141,2.121393
stencil_t128_scheduler,82034,30399297484750849,ompt_thread_worker,158,0,0,6445852,29710016757,14121332409,2.103910
stencil_t128_scheduler,82026,28147497671065601,ompt_thread_worker,51,0,0,5853159,29760526656,14044186562,2.119064
stencil_t128_scheduler,82014,24769797950537729,ompt_thread_worker,205,1,0,7573234,28897509896,14143025335,2.043234
stencil_t128_scheduler,81996,19984723346456577,ompt_thread_worker,150,0,0,6949472,29184559987,14172173822,2.059286
stencil_t128_scheduler,82019,26177172834091009,ompt_thread_worker,3,0,1,8323823,28618033742,14024028757,2.040643
stencil_t128_scheduler,82050,34902897112121345,ompt_thread_worker,151,0,0,7306506,29056833173,14149655107,2.053536
stencil_t128_scheduler,82025,27866022694354945,ompt_thread_worker,106,1,0,9448440,27757553237,14299079741,1.941213
stencil_t128_scheduler,82001,20829148276588545,ompt_thread_worker,135,0,1,9919532,28809098007,14296147343,2.015165
stencil_t128_scheduler,81994,19140298416324609,ompt_thread_worker,116,1,0,8354493,28688339162,14299961846,2.006183
stencil_t128_scheduler,82052,35465847065542657,ompt_thread_worker,143,0,0,4659331,29304892118,13963106057,2.098737
stencil_t128_scheduler,82028,28710447624486913,ompt_thread_worker,58,0,0,3512737,30349506754,13938888945,2.177326
stencil_t128_scheduler,82016,25332747903959041,ompt_thread_worker,36,0,0,3934103,30088518284,13917997700,2.161842
stencil_t128_scheduler,82018,25895697857380353,ompt_thread_worker,20,0,0,7711191,28983550989,14114128010,2.053513
stencil_t128_scheduler,82020,26458647810801665,ompt_thread_worker,183,0,0,5836996,29515501540,14059470113,2.099332
stencil_t128_scheduler,81998,20266198323167233,ompt_thread_worker,25,0,0,4219213,29727390390,14134957390,2.103111
stencil_t128_scheduler,82048,34339947158700033,ompt_thread_worker,157,0,0,6078581,29671781794,14073229522,2.108385
stencil_t128_scheduler,82002,21392098230009857,ompt_thread_worker,237,1,0,8533657,28387374176,14327501434,1.981321
stencil_t128_scheduler,82044,33214047251857409,ompt_thread_worker,173,0,0,5228929,29721939829,13918677294,2.135400
stencil_t128_scheduler,82054,36028797018963969,ompt_thread_worker,203,1,0,10316099,28812544774,14243172857,2.022902
stencil_t128_scheduler,82038,31525197391593473,ompt_thread_worker,132,0,0,7994721,28892528138,14162290698,2.040103
spmv_static_t128_scheduler,82058,281474976710657,ompt_thread_initial,220,1,0,18426118,4996972886,10824471308,0.461637
spmv_static_t128_scheduler,82066,562949953421313,ompt_thread_worker,255,1,0,19478684,3723914054,10717495706,0.347461
spmv_static_t128_scheduler,82067,844424930131969,ompt_thread_worker,104,1,0,20279219,4793965777,10697019505,0.448159
spmv_static_t128_scheduler,82068,1125899906842625,ompt_thread_worker,80,1,0,20298893,4106619757,10747378763,0.382104
spmv_static_t128_scheduler,82069,1407374883553281,ompt_thread_worker,54,0,0,17871000,6047210213,10463424104,0.577938
spmv_static_t128_scheduler,82070,1688849860263937,ompt_thread_worker,217,1,0,20014268,4217782966,10634752705,0.396604
spmv_static_t128_scheduler,82071,1970324836974593,ompt_thread_worker,240,1,0,19322578,4674054553,10584534458,0.441593
spmv_static_t128_scheduler,82072,2251799813685249,ompt_thread_worker,138,0,0,18432580,5039010502,10566521623,0.476885
spmv_static_t128_scheduler,82073,2533274790395905,ompt_thread_worker,11,0,0,17829841,5251598753,10413950886,0.504285
spmv_static_t128_scheduler,82076,2814749767106561,ompt_thread_worker,183,0,0,18170677,5954721799,10530421855,0.565478
spmv_static_t128_scheduler,82074,3096224743817217,ompt_thread_worker,52,0,0,19326118,5157301263,10565614132,0.488121
spmv_static_t128_scheduler,82078,3377699720527873,ompt_thread_worker,244,1,0,18922603,4325960582,10588340658,0.408559
spmv_static_t128_scheduler,82077,3659174697238529,ompt_thread_worker,118,1,0,18753723,4627075925,10592190324,0.436838
spmv_static_t128_scheduler,82075,3940649673949185,ompt_thread_worker,198,1,0,19091950,4598384911,10589270582,0.434249
spmv_static_t128_scheduler,82080,4503599627370497,ompt_thread_worker,169,0,0,19687427,4502129466,10575815668,0.425700
spmv_static_t128_scheduler,82079,4222124650659841,ompt_thread_worker,113,1,0,19235117,4801193988,10575530442,0.453991
spmv_static_t128_scheduler,82081,4785074604081153,ompt_thread_worker,193,1,0,17452667,3303198491,10596823750,0.311716
spmv_static_t128_scheduler,82082,5066549580791809,ompt_thread_worker,66,1,0,18668696,4609278340,10525832945,0.437902
spmv_static_t128_scheduler,82083,5348024557502465,ompt_thread_worker,156,0,0,19371546,4072349403,10603366907,0.384062
spmv_static_t128_scheduler,82084,5629499534213121,ompt_thread_worker,243,1,0,19434404,3965025326,10530981309,0.376511
spmv_static_t128_scheduler,82085,5910974510923777,ompt_thread_worker,134,0,0,19702026,3670180025,10383732749,0.353455
spmv_static_t128_scheduler,82086,6192449487634433,ompt_thread_worker,8,0,0,19236521,3965176921,10636908446,0.372775
spmv_static_t128_scheduler,82087,6473924464345089,ompt_thread_worker,132,0,0,19239914,4036991592,10623431430,0.380008
spmv_static_t128_scheduler,82088,6755399441055745,ompt_thread_worker,133,0,0,18918941,4189964531,10701948597,0.391514
spmv_static_t128_scheduler,82089,7036874417766401,ompt_thread_worker,155,0,0,18748804,4020140211,10389300962,0.386950
spmv_static_t128_scheduler,82090,7318349394477057,ompt_thread_worker,33,0,0,18710121,4395898689,10556833185,0.416403
spmv_static_t128_scheduler,82091,7599824371187713,ompt_thread_worker,168,0,0,19336418,4442157473,10550427038,0.421041
spmv_static_t128_scheduler,82092,7881299347898369,ompt_thread_worker,60,0,0,18631660,4833865934,10541393528,0.458560
spmv_static_t128_scheduler,82093,8162774324609025,ompt_thread_worker,96,1,0,19992051,3628443445,10587037393,0.342725
spmv_static_t128_scheduler,82094,8444249301319681,ompt_thread_worker,157,0,0,17352493,3934574209,10566883635,0.372350
spmv_static_t128_scheduler,82095,8725724278030337,ompt_thread_worker,44,0,0,18587016,4141274412,10570714069,0.391769
spmv_static_t128_scheduler,82096,9007199254740993,ompt_thread_worker,42,0,0,19101924,4775373163,10525648583,0.453689
spmv_static_t128_scheduler,82097,9288674231451649,ompt_thread_worker,65,1,0,19194700,3589095977,10619989669,0.337957
spmv_static_t128_scheduler,82098,9570149208162305,ompt_thread_worker,137,0,0,18757431,4401344371,10483316432,0.419843
spmv_static_t128_scheduler,82099,9851624184872961,ompt_thread_worker,197,1,0,18873672,4485254238,10517810406,0.426444
spmv_static_t128_scheduler,82100,10133099161583617,ompt_thread_worker,130,0,0,18684496,3866362238,10534386050,0.367023
spmv_static_t128_scheduler,82101,10414574138294273,ompt_thread_worker,75,1,0,20004408,3917743279,10342914022,0.378785
spmv_static_t128_scheduler,82102,10696049115004929,ompt_thread_worker,129,0,0,18310749,4266065259,10604353727,0.402294
spmv_static_t128_scheduler,82103,10977524091715585,ompt_thread_worker,53,0,0,18964299,4462429830,10586583633,0.421517
spmv_static_t128_scheduler,82104,11258999068426241,ompt_thread_worker,51,0,0,19789393,4480278547,10594711814,0.422879
spmv_static_t128_scheduler,82105,11540474045136897,ompt_thread_worker,58,0,0,19847439,4911086918,10325093453,0.475646
spmv_static_t128_scheduler,82106,11821949021847553,ompt_thread_worker,154,0,0,18998918,4209643923,10495984687,0.401072
spmv_static_t128_scheduler,82107,12103423998558209,ompt_thread_worker,153,0,0,18376460,4362449068,10594355455,0.411771
spmv_static_t128_scheduler,82108,12384898975268865,ompt_thread_worker,12,0,0,19129048,4104589433,10652321510,0.385323
spmv_static_t128_scheduler,82109,12666373951979521,ompt_thread_worker,176,0,0,18206375,3620653815,10548869420,0.343227
spmv_static_t128_scheduler,82110,12947848928690177,ompt_thread_worker,192,1,1,19579819,4740329152,10533628996,0.450019
spmv_static_t128_scheduler,82111,13229323905400833,ompt_thread_worker,252,1,0,17862135,3459119031,10617021915,0.325809
spmv_static_t128_scheduler,82112,13510798882111489,ompt_thread_worker,207,1,0,18935904,5156359897,10539797542,0.489228
spmv_static_t128_scheduler,82113,13792273858822145,ompt_thread_worker,128,0,1,18704437,4413247043,10573543279,0.417386
spmv_static_t128_scheduler,82114,14073748835532801,ompt_thread_worker,190,0,0,18175335,5295555254,10353982694,0.511451
spmv_static_t128_scheduler,82115,14355223812243457,ompt_thread_worker,72,1,0,20203022,3315975910,10635806946,0.311775
spmv_static_t128_scheduler,82116,14636698788954113,ompt_thread_worker,206,1,0,17848474,4977070074,10452183081,0.476175
spmv_static_t128_scheduler,82117,14918173765664769,ompt_thread_worker,18,0,0,20334186,4133560004,10379572297,0.398240
spmv_static_t128_scheduler,82118,15199648742375425,ompt_thread_worker,74,1,0,19069437,4284619587,10509826091,0.407677
spmv_static_t128_scheduler,82119,15481123719086081,ompt_thread_worker,191,0,0,19322614,5287346590,10415838146,0.507626
spmv_static_t128_scheduler,82120,15762598695796737,ompt_thread_worker,142,0,0,20252592,4654365591,10541692538,0.441520
spmv_static_t128_scheduler,82121,16044073672507393,ompt_thread_worker,247,1,0,20868174,4164034127,10590885355,0.393171
spmv_static_t128_scheduler,82122,16325548649218049,ompt_thread_worker,199,1,0,20197486,4578236991,10471467491,0.437211
spmv_static_t128_scheduler,82123,16607023625928705,ompt_thread_worker,68,1,0,19203186,3830254848,10670676128,0.358951
spmv_static_t128_scheduler,82124,16888498602639361,ompt_thread_worker,205,1,0,18218882,5239777064,10521340934,0.498014
spmv_static_t128_scheduler,82125,17169973579350017,ompt_thread_worker,204,1,0,17898888,5159417270,10344127151,0.498777
spmv_static_t128_scheduler,82126,17451448556060673,ompt_thread_worker,125,1,0,19801674,3410784967,10535125614,0.323754
spmv_static_t128_scheduler,82127,17732923532771329,ompt_thread_worker,34,0,1,20052505,4677666521,10477946813,0.446430
spmv_static_t128_scheduler,82145,22799473113563137,ompt_thread_worker,85,1,0,18661545,4425033913,10511899641,0.420955
spmv_static_t128_scheduler,82167,28991922601197569,ompt_thread_worker,214,1,0,19352980,4381055946,10502605672,0.417140
spmv_static_t128_scheduler,82137,20266198323167233,ompt_thread_worker,114,1,0,20768221,4266770920,10592577732,0.402808
spmv_static_t128_scheduler,82177,31806672368304129,ompt_thread_worker,3,0,1,20783585,3821972516,10689581693,0.357542
spmv_static_t128_scheduler,82152,24769797950537729,ompt_thread_worker,103,1,0,17595941,4295891996,10596887534,0.405392
spmv_static_t128_scheduler,82141,21673573206720513,ompt_thread_worker,218,1,0,22392505,4170142883,10631866701,0.392231
spmv_static_t128_scheduler,82154,25332747903959041,ompt_thread_worker,223,1,0,19168327,4011715717,10583270833,0.379062
spmv_static_t128_scheduler,82178,32088147345014785,ompt_thread_worker,221,1,0,20255769,3955572068,10496481691,0.376847
spmv_static_t128_scheduler,82131,18858823439613953,ompt_thread_worker,222,1,0,19877107,3903738962,10717698200,0.364233
spmv_static_t128_scheduler,82151,24488322973827073,ompt_thread_worker,35,0,0,19559215,4279191241,10557396085,0.405326
spmv_static_t128_scheduler,82183,33495522228568065,ompt_thread_worker,17,0,0,18215060,5238719451,10396643603,0.503886
spmv_static_t128_scheduler,82163,27866022694354945,ompt_thread_worker,97,1,0,19973894,4088131345,10514447355,0.388811
spmv_static_t128_scheduler,82165,28428972647776257,ompt_thread_worker,41,0,0,19036151,4396664088,10410490143,0.422330
spmv_static_t128_scheduler,82133,19421773393035265,ompt_thread_worker,201,1,0,19579457,4893333507,10455304118,0.468024
spmv_static_t128_scheduler,82179,32369622321725441,ompt_thread_worker,219,1,0,18177407,4417950190,10498805094,0.420805
spmv_static_t128_scheduler,82147,23362423066984449,ompt_thread_worker,67,1,0,19708048,4048281961,10580958960,0.382601
spmv_static_t128_scheduler,82187,34621422135410689,ompt_thread_worker,19,0,1,18346494,4984614845,10460874000,0.476501
spmv_static_t128_scheduler,82169,29554872554618881,ompt_thread_worker,105,1,0,20447576,5062503029,10379604133,0.487736
spmv_static_t128_scheduler,82129,18295873486192641,ompt_thread_worker,106,1,0,20813496,4530684892,10858838115,0.417235
spmv_static_t128_scheduler,82153,25051272927248385,ompt_thread_worker,43,0,0,19279710,3754056078,10416737917,0.360387
spmv_static_t128_scheduler,82158,26458647810801665,ompt_thread_worker,143,0,0,21319585,4596157040,10504031913,0.437561
spmv_static_t128_scheduler,82156,25895697857380353,ompt_thread_worker,151,0,0,19322971,5523331260,10497205350,0.526172
spmv_static_t128_scheduler,82130,18577348462903297,ompt_thread_worker,150,0,0,19340788,5849424164,10519341421,0.556064
spmv_static_t128_scheduler,82188,34902897112121345,ompt_thread_worker,148,0,0,16618721,5715772270,10474287355,0.545696
spmv_static_t128_scheduler,82180,32651097298436097,ompt_thread_worker,177,0,0,18621208,5791841033,10403499051,0.556720
spmv_static_t128_scheduler,82142,21955048183431169,ompt_thread_worker,120,1,0,17691338,5281326088,10438670137,0.505939
spmv_static_t128_scheduler,82139,20829148276588545,ompt_thread_worker,215,1,0,19894891,4671583581,10526934932,0.443774
spmv_static_t128_scheduler,82173,30680772461461505,ompt_thread_worker,107,1,0,19589283,4826766888,10400556973,0.464087
spmv_static_t128_scheduler,82157,26177172834091009,ompt_thread_worker,226,1,0,19242544,3904512507,10429786896,0.374362
spmv_static_t128_scheduler,82185,34058472181989377,ompt_thread_worker,159,0,1,19680969,4488202020,10482186115,0.428174
spmv_static_t128_scheduler,82192,36028797018963969,ompt_thread_worker,216,1,0,19164667,4362995557,10553533818,0.413416
spmv_static_t128_scheduler,82159,26740122787512321,ompt_thread_worker,249,1,0,18160643,3834296444,10647621958,0.360108
spmv_static_t128_scheduler,82143,22236523160141825,ompt_thread_worker,248,1,0,19122999,3788401078,10710324915,0.353715
spmv_static_t128_scheduler,82155,25614222880669697,ompt_thread_worker,16,0,0,19550241,5101907338,10461495022,0.487684
spmv_static_t128_scheduler,82128,18014398509481985,ompt_thread_worker,254,1,0,21146918,4398044108,10630899635,0.413704
spmv_static_t128_scheduler,82171,30117822508040193,ompt_thread_worker,237,1,0,21613216,5320554364,10475312926,0.507914
spmv_static_t128_scheduler,82136,20547673299877889,ompt_thread_worker,81,1,0,20596531,3722529765,10649172079,0.349560
spmv_static_t128_scheduler,82132,19140298416324609,ompt_thread_worker,227,1,0,18880788,4428194672,10646126149,0.415944
spmv_static_t128_scheduler,82181,32932572275146753,ompt_thread_worker,236,1,0,17817788,5312378845,10411600931,0.510237
spmv_static_t128_scheduler,82184,33776997205278721,ompt_thread_worker,164,0,0,17325458,5279202522,10466883796,0.504372
spmv_static_t128_scheduler,82162,27584547717644289,ompt_thread_worker,165,0,0,18676915,5321515730,10427730762,0.510323
spmv_static_t128_scheduler,82168,29273397577908225,ompt_thread_worker,174,0,0,19139526,5367147580,10527925908,0.509801
spmv_static_t128_scheduler,82150,24206847997116417,ompt_thread_worker,175,0,0,19840930,5363557506,10408480873,0.515306
spmv_static_t128_scheduler,82175,31243722414882817,ompt_thread_worker,250,1,0,19812836,3775326754,10596592859,0.356277
spmv_static_t128_scheduler,82172,30399297484750849,ompt_thread_worker,149,0,0,19359429,5482339299,10402360966,0.527028
spmv_static_t128_scheduler,82138,21110623253299201,ompt_thread_worker,167,0,0,20161450,5324957444,10515385488,0.506397
spmv_static_t128_scheduler,82182,33214047251857409,ompt_thread_worker,239,1,0,18891947,5322506443,10458413564,0.508921
spmv_static_t128_scheduler,82140,21392098230009857,ompt_thread_worker,32,0,0,19185762,4324676922,10576115310,0.408910
spmv_static_t128_scheduler,82190,35465847065542657,ompt_thread_worker,251,1,0,19327878,3584606797,10561670785,0.339398
spmv_static_t128_scheduler,82164,28147497671065601,ompt_thread_worker,211,1,0,18378327,5498173675,10398519282,0.528746
spmv_static_t128_scheduler,82135,19984723346456577,ompt_thread_worker,59,0,1,20064078,4579324732,10390758028,0.440711
spmv_static_t128_scheduler,82189,35184372088832001,ompt_thread_worker,228,1,0,20045301,4161829249,10395346091,0.400355
spmv_static_t128_scheduler,82146,23080948090273793,ompt_thread_worker,158,0,0,21724629,4090147241,10521653586,0.388736
spmv_static_t128_scheduler,82186,34339947158700033,ompt_thread_worker,84,1,0,18522480,4247440917,10503051605,0.404401
spmv_static_t128_scheduler,82174,30962247438172161,ompt_thread_worker,245,1,0,20106700,4533686857,10518070944,0.431038
spmv_static_t128_scheduler,82191,35747322042253313,ompt_thread_worker,141,0,0,19994630,4609397525,10512985039,0.438448
spmv_static_t128_scheduler,82166,28710447624486913,ompt_thread_worker,189,0,0,18799628,5353979884,10431850697,0.513234
spmv_static_t128_scheduler,82170,29836347531329537,ompt_thread_worker,238,1,0,20626693,4628162792,10507184083,0.440476
spmv_static_t128_scheduler,82161,27303072740933633,ompt_thread_worker,229,1,0,19670827,4412630849,10539432577,0.418678
spmv_static_t128_scheduler,82149,23925373020405761,ompt_thread_worker,230,1,0,20627956,4249499390,10489859188,0.405105
spmv_static_t128_scheduler,82148,23643898043695105,ompt_thread_worker,166,0,0,18519789,5327768633,10438671419,0.510388
spmv_static_t128_scheduler,82176,31525197391593473,ompt_thread_worker,173,0,0,18769747,5377091425,10431917306,0.515446
spmv_static_t128_scheduler,82134,19703248369745921,ompt_thread_worker,24,0,0,18297977,5180334320,10540626431,0.491464
spmv_static_t128_scheduler,82160,27021597764222977,ompt_thread_worker,210,1,1,21029217,3845281765,10705788886,0.359178
spmv_static_t128_scheduler,82144,22517998136852481,ompt_thread_worker,135,0,0,21214237,3837541206,10734678882,0.357490
