config,threads,scheduler,stdev_ms,migrations,bw_gibs,gflops,mlups
stencil_cores_spread_interleave,8,none,,0,,,
spmv_static_cores_spread_interleave,8,none,,0,,,
stencil_cores_close_interleave,8,none,,0,,,
spmv_static_cores_close_interleave,8,none,,0,,,
stencil_cores_spread_interleave,16,none,,0,,,
spmv_static_cores_spread_interleave,16,none,,0,,,
stencil_cores_close_interleave,16,none,,0,,,
spmv_static_cores_close_interleave,16,none,,0,,,
stencil_cores_spread_interleave,32,none,,0,,,
spmv_static_cores_spread_interleave,32,none,,0,,,
stencil_cores_close_interleave,32,none,,0,,,
spmv_static_cores_close_interleave,32,none,,0,,,
stencil_cores_spread_interleave,64,none,,0,,,
spmv_static_cores_spread_interleave,64,none,,0,,,
stencil_cores_close_interleave,64,none,,0,,,
spmv_static_cores_close_interleave,64,none,,0,,,
stencil_cores_spread_interleave,128,none,,0,,,
spmv_static_cores_spread_interleave,128,none,,0,,,
stencil_cores_close_interleave,128,none,,0,,,
spmv_static_cores_close_interleave,128,none,,0,,,
stencil_scheduler,8,ompt,,0,,,
spmv_static_scheduler,8,ompt,,0,,,
stencil_scheduler,16,ompt,,0,,,
spmv_static_scheduler,16,ompt,,5,,,
stencil_scheduler,32,ompt,,0,,,
spmv_static_scheduler,32,ompt,,0,,,
stencil_scheduler,64,ompt,,14,,,
spmv_static_scheduler,64,ompt,,12,,,
stencil_scheduler,128,ompt,,36,,,
spmv_static_scheduler,128,ompt,,27,,,
