tag,slot,tid,instructions,cycles,fill_l2,fill_l3_ccd,fill_ccd_vecino,fill_dram_local,fill_far_cache,fill_far_dram,fill_all,fill_remoto,mascaras,familia
perf_out_v5/metrics/stencil_S1_t128_bind_close_il,0,589107,4836008,5632323,0,0,8649,0,10413,137,265618,11264,3,any
perf_out_v5/metrics/stencil_S1_t128_bind_close_il,1,589108,6168584,5653547,0,0,0,0,0,33,136033,32,3,any
perf_out_v5/metrics/stencil_S1_t128_bind_close_il,2,589109,6175832,5654610,0,0,1,0,0,5,138238,3,3,any
perf_out_v5/metrics/stencil_S1_t128_bind_close_il,3,589110,6180194,5654587,0,0,57,0,12,20,136345,33,3,any
perf_out_v5/metrics/stencil_S1_t128_bind_close_il,4,589111,6158934,5650563,0,0,61,0,0,6,140585,5,3,any
perf_out_v5/metrics/stencil_S1_t128_bind_close_il,5,589112,6185472,5652598,0,0,0,0,0,0,135307,0,3,any
perf_out_v5/metrics/stencil_S1_t128_bind_close_il,6,589113,6200625,5655045,0,0,2,0,0,0,138620,0,3,any
perf_out_v5/metrics/stencil_S1_t128_bind_close_il,7,589114,6166430,5656427,0,0,0,0,1505,0,137017,1617,3,any
perf_out_v5/metrics/stencil_S1_t128_bind_close_il,8,589115,5865863,5641519,0,0,1,0,2087,1,142076,2233,3,any
perf_out_v5/metrics/stencil_S1_t128_bind_close_il,9,589116,6212544,5644503,0,0,19,0,5,12,139038,22,3,any
perf_out_v5/metrics/stencil_S1_t128_bind_close_il,10,589117,6140330,5632669,0,0,0,0,39,60,138541,101,3,any
perf_out_v5/metrics/stencil_S1_t128_bind_close_il,11,589118,6105031,5642733,0,0,52,0,0,1,138446,2,3,any
perf_out_v5/metrics/stencil_S1_t128_bind_close_il,12,589119,5843301,5620515,0,0,153,0,640,171,139440,867,3,any
perf_out_v5/metrics/stencil_S1_t128_bind_close_il,13,589120,6175043,5644643,0,0,28,0,0,0,137653,0,3,any
perf_out_v5/metrics/stencil_S1_t128_bind_close_il,14,589121,6085506,5650067,0,0,5,0,33,2,138910,34,3,any
perf_out_v5/metrics/stencil_S1_t128_bind_close_il,15,589122,6050134,5633416,0,0,1341,0,16,69,138402,94,3,any
perf_out_v5/metrics/stencil_S1_t128_bind_close_il,16,589123,5738934,5492246,0,0,1330,0,1261,150,113277,1264,3,any
perf_out_v5/metrics/stencil_S1_t128_bind_close_il,17,589124,6533582,5564092,0,0,27,0,3,0,107154,41,3,any
perf_out_v5/metrics/stencil_S1_t128_bind_close_il,18,589125,6490760,5484208,0,0,2,0,42,0,109908,86,3,any
perf_out_v5/metrics/stencil_S1_t128_bind_close_il,19,589126,6449924,5493243,0,0,38,0,13,90,108411,125,3,any
perf_out_v5/metrics/stencil_S1_t128_bind_close_il,20,589127,6197325,5504560,0,0,78,0,141,36,112419,188,3,any
perf_out_v5/metrics/stencil_S1_t128_bind_close_il,21,589128,6584746,5482261,0,0,0,0,1,1,110604,39,3,any
perf_out_v5/metrics/stencil_S1_t128_bind_close_il,22,589129,6387441,5485621,0,0,1,0,1,1,106842,45,3,any
perf_out_v5/metrics/stencil_S1_t128_bind_close_il,23,589130,6392667,5493939,0,0,22,0,1235,45,107299,1112,3,any
perf_out_v5/metrics/stencil_S1_t128_bind_close_il,24,589131,6133790,5537646,0,0,28,0,1767,4,111035,1554,3,any
perf_out_v5/metrics/stencil_S1_t128_bind_close_il,25,589132,6714390,5555760,0,0,104,0,0,1,109827,36,3,any
perf_out_v5/metrics/stencil_S1_t128_bind_close_il,26,589133,6649163,5583988,0,0,0,0,2,1,107353,44,3,any
perf_out_v5/metrics/stencil_S1_t128_bind_close_il,27,589134,6589251,5587745,0,0,0,0,0,2,106945,39,3,any
perf_out_v5/metrics/stencil_S1_t128_bind_close_il,28,589135,6109862,5524941,0,0,68,0,553,235,109245,706,3,any
perf_out_v5/metrics/stencil_S1_t128_bind_close_il,29,589136,6607345,5533712,0,0,4,0,0,0,104521,37,3,any
perf_out_v5/metrics/stencil_S1_t128_bind_close_il,30,589137,6529329,5537368,0,0,0,0,23,1,110321,62,3,any
perf_out_v5/metrics/stencil_S1_t128_bind_close_il,31,589138,6285880,5501207,0,0,771,0,845,173,108304,975,3,any
perf_out_v5/metrics/stencil_S1_t128_bind_close_il,32,589139,5898580,5635001,0,0,813,0,1948,203,110415,1888,3,any
perf_out_v5/metrics/stencil_S1_t128_bind_close_il,33,589140,6632772,5582341,0,0,2,0,0,2,109311,41,3,any
perf_out_v5/metrics/stencil_S1_t128_bind_close_il,34,589141,6662060,5637314,0,0,0,0,1,116,109314,134,3,any
perf_out_v5/metrics/stencil_S1_t128_bind_close_il,35,589142,6415934,5551161,0,0,33,0,16,161,109026,150,3,any
perf_out_v5/metrics/stencil_S1_t128_bind_close_il,36,589143,6422103,5615558,0,0,41,0,8,78,112362,111,3,any
perf_out_v5/metrics/stencil_S1_t128_bind_close_il,37,589144,6715873,5610688,0,0,50,0,1,1,110061,38,3,any
perf_out_v5/metrics/stencil_S1_t128_bind_close_il,38,589145,6584097,5617797,0,0,0,0,38,1,110258,65,3,any
perf_out_v5/metrics/stencil_S1_t128_bind_close_il,39,589146,6293115,5581954,0,0,1581,0,11,26,107805,68,3,any
perf_out_v5/metrics/stencil_S1_t128_bind_close_il,40,589147,6416308,5668236,0,0,1412,0,530,2,110418,512,3,any
perf_out_v5/metrics/stencil_S1_t128_bind_close_il,41,589148,6775844,5613015,0,0,88,0,7,1,109168,54,3,any
perf_out_v5/metrics/stencil_S1_t128_bind_close_il,42,589149,6782862,5637914,0,0,0,0,2,1,108602,107,3,any
perf_out_v5/metrics/stencil_S1_t128_bind_close_il,43,589150,6653150,5358383,0,0,7,0,0,4,108696,25,3,any
perf_out_v5/metrics/stencil_S1_t128_bind_close_il,44,589151,5950139,5609557,0,0,278,0,698,99,139643,818,3,any
perf_out_v5/metrics/stencil_S1_t128_bind_close_il,45,589152,6423104,5584886,0,0,113,0,1,1,107628,28,3,any
perf_out_v5/metrics/stencil_S1_t128_bind_close_il,46,589153,6653759,5593730,0,0,1,0,13,0,109882,51,3,any
perf_out_v5/metrics/stencil_S1_t128_bind_close_il,47,589154,6459273,5587595,0,0,93,0,1211,9,107275,1033,3,any
perf_out_v5/metrics/stencil_S1_t128_bind_close_il,48,589155,5689825,5502950,0,0,34,0,2649,134,110301,2125,3,any
perf_out_v5/metrics/stencil_S1_t128_bind_close_il,49,589156,6594366,5488083,0,0,17,0,0,1,109517,41,3,any
perf_out_v5/metrics/stencil_S1_t128_bind_close_il,50,589157,6299905,5528710,0,0,1,0,8,0,106010,40,3,any
perf_out_v5/metrics/stencil_S1_t128_bind_close_il,51,589158,6439161,5462649,0,0,35,0,8,108,106568,118,3,any
perf_out_v5/metrics/stencil_S1_t128_bind_close_il,52,589159,6280493,5466723,0,0,63,0,27,109,110640,155,3,any
perf_out_v5/metrics/stencil_S1_t128_bind_close_il,53,589160,6632142,5535558,0,0,67,0,0,0,108297,35,3,any
perf_out_v5/metrics/stencil_S1_t128_bind_close_il,54,589161,6463225,5508116,0,0,3,0,10,4,107802,44,3,any
perf_out_v5/metrics/stencil_S1_t128_bind_close_il,55,589162,6360916,5464728,0,0,1528,0,6,98,110138,142,3,any
perf_out_v5/metrics/stencil_S1_t128_bind_close_il,56,589163,6280114,5606711,0,0,1627,0,479,88,109417,488,3,any
perf_out_v5/metrics/stencil_S1_t128_bind_close_il,57,589164,6628605,5595871,0,0,153,0,1,0,105721,37,3,any
perf_out_v5/metrics/stencil_S1_t128_bind_close_il,58,589165,6275701,5572447,0,0,1,0,8,0,78772,50,3,any
perf_out_v5/metrics/stencil_S1_t128_bind_close_il,59,589166,6462433,5599977,0,0,52,0,1,0,79877,34,3,any
perf_out_v5/metrics/stencil_S1_t128_bind_close_il,60,589167,6105497,5590041,0,0,446,0,583,6,82323,522,3,any
perf_out_v5/metrics/stencil_S1_t128_bind_close_il,61,589168,6352331,5578642,0,0,29,0,0,0,80377,36,3,any
perf_out_v5/metrics/stencil_S1_t128_bind_close_il,62,589169,6421207,5607432,0,0,1,0,20,1,76033,51,3,any
perf_out_v5/metrics/stencil_S1_t128_bind_close_il,63,589170,6246687,5607712,0,0,108,0,1621,3,79279,1309,3,any
perf_out_v5/metrics/stencil_S1_t128_bind_close_il,64,589171,5271007,5656534,0,0,3574,0,136,48,88083,210,3,any
perf_out_v5/metrics/stencil_S1_t128_bind_close_il,65,589172,6503019,5636210,0,0,8,0,8,5,78506,40,3,any
perf_out_v5/metrics/stencil_S1_t128_bind_close_il,66,589173,6408285,5637791,0,0,7,0,27,55,80745,82,3,any
perf_out_v5/metrics/stencil_S1_t128_bind_close_il,67,589174,6184753,5675134,0,0,37,0,14,6,77205,52,3,any
perf_out_v5/metrics/stencil_S1_t128_bind_close_il,68,589175,6011052,5632091,0,0,22,0,82,148,82528,213,3,any
perf_out_v5/metrics/stencil_S1_t128_bind_close_il,69,589176,6532254,5632215,0,0,0,0,7,2,80402,46,3,any
perf_out_v5/metrics/stencil_S1_t128_bind_close_il,70,589177,6466479,5691146,0,0,13,0,8,1,80465,44,3,any
perf_out_v5/metrics/stencil_S1_t128_bind_close_il,71,589178,6054564,5603641,0,0,16,0,1843,60,81548,1477,3,any
perf_out_v5/metrics/stencil_S1_t128_bind_close_il,72,589179,6037495,5697728,0,0,514,0,1583,131,83202,1527,3,any
perf_out_v5/metrics/stencil_S1_t128_bind_close_il,73,589180,6340952,5678081,0,0,0,0,153,65,79719,190,3,any
perf_out_v5/metrics/stencil_S1_t128_bind_close_il,74,589181,5919408,5617715,0,0,0,0,3,3,102628,15,3,any
perf_out_v5/metrics/stencil_S1_t128_bind_close_il,75,589182,5849900,5623841,0,0,0,0,15,32,98797,64,3,any
perf_out_v5/metrics/stencil_S1_t128_bind_close_il,76,589183,5626588,5632071,0,0,564,0,156,274,105205,461,3,any
perf_out_v5/metrics/stencil_S1_t128_bind_close_il,77,589184,5915086,5624316,0,0,0,0,25,45,101549,82,3,any
perf_out_v5/metrics/stencil_S1_t128_bind_close_il,78,589185,5815946,5628446,0,0,40,0,18,62,101552,81,3,any
perf_out_v5/metrics/stencil_S1_t128_bind_close_il,79,589186,5761800,5630470,0,0,1296,0,48,36,102970,96,3,any
perf_out_v5/metrics/stencil_S1_t128_bind_close_il,80,589187,5779425,5714858,0,0,2497,0,128,169,85756,286,3,any
perf_out_v5/metrics/stencil_S1_t128_bind_close_il,81,589188,5911850,5637125,0,0,1,0,140,0,105884,140,3,any
perf_out_v5/metrics/stencil_S1_t128_bind_close_il,82,589189,5929272,5639888,0,0,2,0,0,0,104722,0,3,any
perf_out_v5/metrics/stencil_S1_t128_bind_close_il,83,589190,5892612,5641083,0,0,31,0,115,48,98101,149,3,any
perf_out_v5/metrics/stencil_S1_t128_bind_close_il,84,589191,5702416,5634564,0,0,42,0,103,258,109369,362,3,any
perf_out_v5/metrics/stencil_S1_t128_bind_close_il,85,589192,5988423,5646121,0,0,0,0,13,28,99458,35,3,any
perf_out_v5/metrics/stencil_S1_t128_bind_close_il,86,589193,6377997,5710874,0,0,132,0,2,1,82046,38,3,any
perf_out_v5/metrics/stencil_S1_t128_bind_close_il,87,589194,6344406,5692191,0,0,1282,0,59,11,82355,114,3,any
perf_out_v5/metrics/stencil_S1_t128_bind_close_il,88,589195,6113829,5704891,0,0,1751,0,10,124,81553,156,3,any
perf_out_v5/metrics/stencil_S1_t128_bind_close_il,89,589196,5896257,5641511,0,0,0,0,221,27,103750,266,3,any
perf_out_v5/metrics/stencil_S1_t128_bind_close_il,90,589197,5920044,5624530,0,0,3,0,1,0,102704,3,3,any
perf_out_v5/metrics/stencil_S1_t128_bind_close_il,91,589198,5882791,5634884,0,0,3,0,16,50,104044,119,3,any
perf_out_v5/metrics/stencil_S1_t128_bind_close_il,92,589199,5990402,5709016,0,0,524,0,55,234,84273,279,3,any
perf_out_v5/metrics/stencil_S1_t128_bind_close_il,93,589200,6547559,5701777,0,0,1,0,7,2,79710,50,3,any
perf_out_v5/metrics/stencil_S1_t128_bind_close_il,94,589201,6497093,5711794,0,0,1,0,25,58,80073,118,3,any
perf_out_v5/metrics/stencil_S1_t128_bind_close_il,95,589202,6223667,5699225,0,0,15,0,1522,38,76454,1414,3,any
perf_out_v5/metrics/stencil_S1_t128_bind_close_il,96,589203,5630173,5606143,0,0,1269,0,1533,139,84424,1518,3,any
perf_out_v5/metrics/stencil_S1_t128_bind_close_il,97,589204,6384970,5596923,0,0,0,0,10,83,80147,115,3,any
perf_out_v5/metrics/stencil_S1_t128_bind_close_il,98,589205,6344427,5609307,0,0,16,0,0,0,79460,35,3,any
perf_out_v5/metrics/stencil_S1_t128_bind_close_il,99,589206,6255480,5621359,0,0,20,0,42,136,83082,171,3,any
perf_out_v5/metrics/stencil_S1_t128_bind_close_il,100,589207,6049682,5623458,0,0,11,0,47,155,81868,220,3,any
perf_out_v5/metrics/stencil_S1_t128_bind_close_il,101,589208,6376765,5605347,0,0,1,0,29,24,81950,95,3,any
perf_out_v5/metrics/stencil_S1_t128_bind_close_il,102,589209,6318074,5603654,0,0,7,0,5,2,80492,34,3,any
perf_out_v5/metrics/stencil_S1_t128_bind_close_il,103,589210,6291177,5650718,0,0,1394,0,29,5,81813,90,3,any
perf_out_v5/metrics/stencil_S1_t128_bind_close_il,104,589211,5964565,5539895,0,0,1679,0,17,257,87382,267,3,any
perf_out_v5/metrics/stencil_S1_t128_bind_close_il,105,589212,6296555,5582756,0,0,0,0,198,7,79766,199,3,any
perf_out_v5/metrics/stencil_S1_t128_bind_close_il,106,589213,6270857,5532763,0,0,6,0,1,1,81136,29,3,any
perf_out_v5/metrics/stencil_S1_t128_bind_close_il,107,589214,6268774,5530235,0,0,0,0,10,20,79155,67,3,any
perf_out_v5/metrics/stencil_S1_t128_bind_close_il,108,589215,5964326,5585558,0,0,549,0,133,238,86545,359,3,any
perf_out_v5/metrics/stencil_S1_t128_bind_close_il,109,589216,6199800,5519089,0,0,0,0,29,1,80328,63,3,any
perf_out_v5/metrics/stencil_S1_t128_bind_close_il,110,589217,6243565,5528976,0,0,23,0,2,19,78048,50,3,any
perf_out_v5/metrics/stencil_S1_t128_bind_close_il,111,589218,6087262,5537760,0,0,1502,0,37,115,83294,167,3,any
perf_out_v5/metrics/stencil_S1_t128_bind_close_il,112,589219,5739726,5543154,0,0,2625,0,51,167,83110,215,3,any
perf_out_v5/metrics/stencil_S1_t128_bind_close_il,113,589220,6284311,5498779,0,0,7,0,101,1,80764,108,3,any
perf_out_v5/metrics/stencil_S1_t128_bind_close_il,114,589221,6146488,5435444,0,0,16,0,0,0,78599,31,3,any
perf_out_v5/metrics/stencil_S1_t128_bind_close_il,115,589222,6150960,5503874,0,0,24,0,46,151,74744,207,3,any
perf_out_v5/metrics/stencil_S1_t128_bind_close_il,116,589223,5896518,5452648,0,0,40,0,86,302,81195,373,3,any
perf_out_v5/metrics/stencil_S1_t128_bind_close_il,117,589224,6239445,5500295,0,0,0,0,139,2,78067,159,3,any
perf_out_v5/metrics/stencil_S1_t128_bind_close_il,118,589225,6243945,5499168,0,0,24,0,0,0,82263,42,3,any
perf_out_v5/metrics/stencil_S1_t128_bind_close_il,119,589226,6108628,5503705,0,0,2,0,1624,15,79827,1460,3,any
perf_out_v5/metrics/stencil_S1_t128_bind_close_il,120,589227,5952324,5589072,0,0,619,0,1712,102,80472,1611,3,any
perf_out_v5/metrics/stencil_S1_t128_bind_close_il,121,589228,6432489,5586499,0,0,0,0,165,1,79370,178,3,any
perf_out_v5/metrics/stencil_S1_t128_bind_close_il,122,589229,6437818,5571132,0,0,5,0,0,0,78040,33,3,any
perf_out_v5/metrics/stencil_S1_t128_bind_close_il,123,589230,6357328,5561881,0,0,60,0,49,15,82448,93,3,any
perf_out_v5/metrics/stencil_S1_t128_bind_close_il,124,589231,6103268,5573458,0,0,594,0,243,61,81269,273,3,any
perf_out_v5/metrics/stencil_S1_t128_bind_close_il,125,589232,6518509,5549401,0,0,0,0,11,93,78960,129,3,any
perf_out_v5/metrics/stencil_S1_t128_bind_close_il,126,589233,6429263,5545943,0,0,4,0,2,0,77949,31,3,any
perf_out_v5/metrics/stencil_S1_t128_bind_close_il,127,589234,6327999,5570939,0,0,56,0,140,21,78265,221,3,any
perf_out_v5/metrics/stencil_S1_t128_bind_close_il,0,627962,5160595,5625452,0,0,9084,0,9084,3,267967,9642,3,any
perf_out_v5/metrics/stencil_S1_t128_bind_close_il,1,627963,6326237,5651540,0,0,0,0,0,0,138743,0,3,any
perf_out_v5/metrics/stencil_S1_t128_bind_close_il,2,627964,6325351,5653990,0,0,0,0,0,0,138223,1,3,any
perf_out_v5/metrics/stencil_S1_t128_bind_close_il,3,627965,6322438,5647846,0,0,0,0,0,0,138640,0,3,any
perf_out_v5/metrics/stencil_S1_t128_bind_close_il,4,627966,6342693,5648768,0,0,0,0,6,3,140090,3,3,any
perf_out_v5/metrics/stencil_S1_t128_bind_close_il,5,627967,6343798,5648860,0,0,3,0,1,42,138142,42,3,any
perf_out_v5/metrics/stencil_S1_t128_bind_close_il,6,627968,6333855,5647454,0,0,8,0,0,0,138900,0,3,any
perf_out_v5/metrics/stencil_S1_t128_bind_close_il,7,627969,6322017,5641425,0,0,7,0,1076,33,138572,1171,3,any
perf_out_v5/metrics/stencil_S1_t128_bind_close_il,8,627970,5907868,5642661,0,0,520,0,1112,20,149200,1232,3,any
perf_out_v5/metrics/stencil_S1_t128_bind_close_il,9,627971,6194361,5650195,0,0,7,0,9,0,138643,19,3,any
perf_out_v5/metrics/stencil_S1_t128_bind_close_il,10,627972,6168797,5642820,0,0,15,0,3,27,139016,19,3,any
perf_out_v5/metrics/stencil_S1_t128_bind_close_il,11,627973,6060810,5605365,0,0,0,0,81,73,136933,132,3,any
perf_out_v5/metrics/stencil_S1_t128_bind_close_il,12,627974,5946096,5643943,0,0,626,0,447,112,136608,609,3,any
perf_out_v5/metrics/stencil_S1_t128_bind_close_il,13,627975,4807130,5706314,0,0,1,0,18,0,189973,22,3,any
perf_out_v5/metrics/stencil_S1_t128_bind_close_il,14,627976,6113002,5606657,0,0,21,0,30,2,138720,70,3,any
perf_out_v5/metrics/stencil_S1_t128_bind_close_il,15,627977,6055654,5632603,0,0,1043,0,229,18,136280,258,3,any
perf_out_v5/metrics/stencil_S1_t128_bind_close_il,16,627978,5742948,5461686,0,0,2360,0,46,223,113387,269,3,any
perf_out_v5/metrics/stencil_S1_t128_bind_close_il,17,627979,6198276,5446021,0,0,1,0,20,0,105345,67,3,any
perf_out_v5/metrics/stencil_S1_t128_bind_close_il,18,627980,6146724,5470375,0,0,26,0,1,1,109947,50,3,any
perf_out_v5/metrics/stencil_S1_t128_bind_close_il,19,627981,6092081,5454687,0,0,4,0,28,244,109390,297,3,any
perf_out_v5/metrics/stencil_S1_t128_bind_close_il,20,627982,5945634,5480925,0,0,165,0,81,229,112397,320,3,any
perf_out_v5/metrics/stencil_S1_t128_bind_close_il,21,627983,6259516,5469543,0,0,0,0,2,1,110077,54,3,any
perf_out_v5/metrics/stencil_S1_t128_bind_close_il,22,627984,6225010,5472985,0,0,2,0,1,1,108102,44,3,any
perf_out_v5/metrics/stencil_S1_t128_bind_close_il,23,627985,6074916,5439920,0,0,4,0,1336,82,108319,1256,3,any
perf_out_v5/metrics/stencil_S1_t128_bind_close_il,24,627986,6112038,5657525,0,0,536,0,1330,85,112621,1287,3,any
perf_out_v5/metrics/stencil_S1_t128_bind_close_il,25,627987,5965784,5628291,0,0,3,0,220,1,138241,243,3,any
perf_out_v5/metrics/stencil_S1_t128_bind_close_il,26,627988,6357572,5622249,0,0,0,0,3,0,107905,42,3,any
perf_out_v5/metrics/stencil_S1_t128_bind_close_il,27,627989,6261291,5622884,0,0,0,0,9,4,107768,43,3,any
perf_out_v5/metrics/stencil_S1_t128_bind_close_il,28,627990,6004817,5626364,0,0,594,0,218,493,111548,564,3,any
perf_out_v5/metrics/stencil_S1_t128_bind_close_il,29,627991,6479075,5654323,0,0,0,0,2,0,109794,42,3,any
perf_out_v5/metrics/stencil_S1_t128_bind_close_il,30,627992,6396876,5626373,0,0,18,0,0,0,108528,37,3,any
perf_out_v5/metrics/stencil_S1_t128_bind_close_il,31,627993,6387683,5659492,0,0,817,0,710,176,109551,859,3,any
perf_out_v5/metrics/stencil_S1_t128_bind_close_il,32,627994,5818936,5572150,0,0,2318,0,884,525,112014,1142,3,any
perf_out_v5/metrics/stencil_S1_t128_bind_close_il,33,627995,6183410,5550829,0,0,3,0,6,0,104639,35,3,any
perf_out_v5/metrics/stencil_S1_t128_bind_close_il,34,627996,6222408,5539002,0,0,7,0,4,0,105510,39,3,any
perf_out_v5/metrics/stencil_S1_t128_bind_close_il,35,627997,6095914,5537556,0,0,0,0,13,37,106305,76,3,any
perf_out_v5/metrics/stencil_S1_t128_bind_close_il,36,627998,6029027,5551931,0,0,58,0,56,191,111277,229,3,any
perf_out_v5/metrics/stencil_S1_t128_bind_close_il,37,627999,6250671,5546157,0,0,0,0,32,0,108652,66,3,any
perf_out_v5/metrics/stencil_S1_t128_bind_close_il,38,628000,6237401,5547100,0,0,14,0,3,101,109640,106,3,any
perf_out_v5/metrics/stencil_S1_t128_bind_close_il,39,628001,6078146,5540814,0,0,1669,0,11,17,108699,126,3,any
perf_out_v5/metrics/stencil_S1_t128_bind_close_il,40,628002,5940788,5622696,0,0,2090,0,15,16,144671,45,3,any
perf_out_v5/metrics/stencil_S1_t128_bind_close_il,41,628003,6089232,5594986,0,0,2,0,157,46,140136,223,3,any
perf_out_v5/metrics/stencil_S1_t128_bind_close_il,42,628004,6116535,5579880,0,0,9,0,2,61,137774,58,3,any
perf_out_v5/metrics/stencil_S1_t128_bind_close_il,43,628005,6118205,5650959,0,0,0,0,69,20,140040,91,3,any
perf_out_v5/metrics/stencil_S1_t128_bind_close_il,44,628006,6270660,5673778,0,0,682,0,343,103,111527,407,3,any
perf_out_v5/metrics/stencil_S1_t128_bind_close_il,45,628007,6132781,5620134,0,0,0,0,14,0,138046,19,3,any
perf_out_v5/metrics/stencil_S1_t128_bind_close_il,46,628008,6114887,5610293,0,0,8,0,33,0,139966,30,3,any
perf_out_v5/metrics/stencil_S1_t128_bind_close_il,47,628009,6061566,5642240,0,0,4,0,1291,61,135151,1473,3,any
perf_out_v5/metrics/stencil_S1_t128_bind_close_il,48,628010,5620989,5650466,0,0,1264,0,1049,100,143179,1272,3,any
perf_out_v5/metrics/stencil_S1_t128_bind_close_il,49,628011,6081915,5653519,0,0,1,0,4,0,139328,15,3,any
perf_out_v5/metrics/stencil_S1_t128_bind_close_il,50,628012,6490368,5653890,0,0,11,0,0,2,107542,47,3,any
perf_out_v5/metrics/stencil_S1_t128_bind_close_il,51,628013,5962213,5652961,0,0,7,0,73,202,137283,286,3,any
perf_out_v5/metrics/stencil_S1_t128_bind_close_il,52,628014,6122164,5631970,0,0,56,0,70,530,107785,484,3,any
perf_out_v5/metrics/stencil_S1_t128_bind_close_il,53,628015,6554078,5722384,0,0,0,0,22,38,105991,51,3,any
perf_out_v5/metrics/stencil_S1_t128_bind_close_il,54,628016,6567533,5753145,0,0,10,0,1,14,106787,53,3,any
perf_out_v5/metrics/stencil_S1_t128_bind_close_il,55,628017,6439180,5716947,0,0,1510,0,11,105,106828,142,3,any
perf_out_v5/metrics/stencil_S1_t128_bind_close_il,56,628018,6217814,5598865,0,0,2176,0,9,30,110863,75,3,any
perf_out_v5/metrics/stencil_S1_t128_bind_close_il,57,628019,6720518,5711810,0,0,0,0,152,3,109741,165,3,any
perf_out_v5/metrics/stencil_S1_t128_bind_close_il,58,628020,6467439,5634796,0,0,4,0,37,2,78705,75,3,any
perf_out_v5/metrics/stencil_S1_t128_bind_close_il,59,628021,6294887,5630449,0,0,0,0,110,12,80907,136,3,any
perf_out_v5/metrics/stencil_S1_t128_bind_close_il,60,628022,5988552,5622708,0,0,555,0,212,27,83375,243,3,any
perf_out_v5/metrics/stencil_S1_t128_bind_close_il,61,628023,6011226,5582722,0,0,0,0,16,0,101019,17,3,any
perf_out_v5/metrics/stencil_S1_t128_bind_close_il,62,628024,6443947,5623290,0,0,26,0,25,1,78857,50,3,any
perf_out_v5/metrics/stencil_S1_t128_bind_close_il,63,628025,6249093,5609616,0,0,209,0,1409,29,73767,1260,3,any
perf_out_v5/metrics/stencil_S1_t128_bind_close_il,64,628026,5134342,5617835,0,0,1054,0,2497,191,87935,2268,3,any
perf_out_v5/metrics/stencil_S1_t128_bind_close_il,65,628027,6349754,5596790,0,0,2,0,4,11,79900,40,3,any
perf_out_v5/metrics/stencil_S1_t128_bind_close_il,66,628028,6219701,5593103,0,0,4,0,1,96,81976,122,3,any
perf_out_v5/metrics/stencil_S1_t128_bind_close_il,67,628029,6206200,5635643,0,0,28,0,0,28,80061,59,3,any
perf_out_v5/metrics/stencil_S1_t128_bind_close_il,68,628030,5947100,5645516,0,0,40,0,5,37,85854,67,3,any
perf_out_v5/metrics/stencil_S1_t128_bind_close_il,69,628031,6311845,5603888,0,0,3,0,0,0,81209,37,3,any
perf_out_v5/metrics/stencil_S1_t128_bind_close_il,70,628032,6257344,5625118,0,0,1,0,8,0,80523,50,3,any
perf_out_v5/metrics/stencil_S1_t128_bind_close_il,71,628033,6090530,5615731,0,0,29,0,1711,0,82455,1496,3,any
perf_out_v5/metrics/stencil_S1_t128_bind_close_il,72,628034,5896089,5647746,0,0,45,0,2223,36,82242,1971,3,any
perf_out_v5/metrics/stencil_S1_t128_bind_close_il,73,628035,6333514,5645913,0,0,190,0,0,69,81048,86,3,any
perf_out_v5/metrics/stencil_S1_t128_bind_close_il,74,628036,6406381,5639997,0,0,0,0,7,1,80710,41,3,any
perf_out_v5/metrics/stencil_S1_t128_bind_close_il,75,628037,6305378,5640687,0,0,26,0,0,0,82910,26,3,any
perf_out_v5/metrics/stencil_S1_t128_bind_close_il,76,628038,5899318,5640011,0,0,129,0,606,97,85163,632,3,any
perf_out_v5/metrics/stencil_S1_t128_bind_close_il,77,628039,6404859,5638322,0,0,4,0,0,1,79494,39,3,any
perf_out_v5/metrics/stencil_S1_t128_bind_close_il,78,628040,6305515,5644835,0,0,1,0,4,0,83989,31,3,any
perf_out_v5/metrics/stencil_S1_t128_bind_close_il,79,628041,6157214,5636623,0,0,1685,0,1,0,81211,36,3,any
perf_out_v5/metrics/stencil_S1_t128_bind_close_il,80,628042,5575023,5646315,0,0,1682,0,1272,106,86240,1220,3,any
perf_out_v5/metrics/stencil_S1_t128_bind_close_il,81,628043,6286465,5614887,0,0,42,0,1,0,81520,30,3,any
perf_out_v5/metrics/stencil_S1_t128_bind_close_il,82,628044,6359256,5624918,0,0,11,0,5,0,83099,40,3,any
perf_out_v5/metrics/stencil_S1_t128_bind_close_il,83,628045,6231924,5605426,0,0,45,0,7,14,80311,58,3,any
perf_out_v5/metrics/stencil_S1_t128_bind_close_il,84,628046,6044275,5619562,0,0,29,0,11,10,86202,59,3,any
perf_out_v5/metrics/stencil_S1_t128_bind_close_il,85,628047,6384468,5631448,0,0,48,0,0,33,82872,66,3,any
perf_out_v5/metrics/stencil_S1_t128_bind_close_il,86,628048,6282688,5611541,0,0,0,0,18,1,82462,56,3,any
perf_out_v5/metrics/stencil_S1_t128_bind_close_il,87,628049,6230782,5625381,0,0,1522,0,1,0,83923,52,3,any
perf_out_v5/metrics/stencil_S1_t128_bind_close_il,88,628050,5862584,5614752,0,0,1435,0,558,0,82181,488,3,any
perf_out_v5/metrics/stencil_S1_t128_bind_close_il,89,628051,6380502,5692147,0,0,212,0,0,3,82263,26,3,any
perf_out_v5/metrics/stencil_S1_t128_bind_close_il,90,628052,6381405,5661788,0,0,1,0,10,0,81073,49,3,any
perf_out_v5/metrics/stencil_S1_t128_bind_close_il,91,628053,6235440,5635896,0,0,10,0,0,1,82634,70,3,any
perf_out_v5/metrics/stencil_S1_t128_bind_close_il,92,628054,5829082,5654697,0,0,117,0,575,158,84955,630,3,any
perf_out_v5/metrics/stencil_S1_t128_bind_close_il,93,628055,6383820,5645917,0,0,14,0,0,0,80396,37,3,any
perf_out_v5/metrics/stencil_S1_t128_bind_close_il,94,628056,6338270,5683749,0,0,19,0,4,1,81354,52,3,any
perf_out_v5/metrics/stencil_S1_t128_bind_close_il,95,628057,6090931,5650608,0,0,73,0,1862,3,79334,1573,3,any
perf_out_v5/metrics/stencil_S1_t128_bind_close_il,96,628058,5486326,5614101,0,0,115,0,3043,138,86082,2725,3,any
perf_out_v5/metrics/stencil_S1_t128_bind_close_il,97,628059,6330979,5607630,0,0,8,0,1,0,81611,38,3,any
perf_out_v5/metrics/stencil_S1_t128_bind_close_il,98,628060,6253298,5609151,0,0,8,0,16,0,80991,45,3,any
perf_out_v5/metrics/stencil_S1_t128_bind_close_il,99,628061,6163921,5610896,0,0,63,0,1,1,84055,33,3,any
perf_out_v5/metrics/stencil_S1_t128_bind_close_il,100,628062,6009131,5616870,0,0,81,0,104,13,81974,135,3,any
perf_out_v5/metrics/stencil_S1_t128_bind_close_il,101,628063,6356584,5618348,0,0,58,0,1,1,78261,39,3,any
perf_out_v5/metrics/stencil_S1_t128_bind_close_il,102,628064,6271592,5610512,0,0,0,0,4,1,82282,37,3,any
perf_out_v5/metrics/stencil_S1_t128_bind_close_il,103,628065,6157373,5606988,0,0,1064,0,7,2,78776,43,3,any
perf_out_v5/metrics/stencil_S1_t128_bind_close_il,104,628066,5787146,5638554,0,0,1271,0,602,6,87645,474,3,any
perf_out_v5/metrics/stencil_S1_t128_bind_close_il,105,628067,6372037,5672870,0,0,154,0,0,0,82414,31,3,any
perf_out_v5/metrics/stencil_S1_t128_bind_close_il,106,628068,6397741,5599061,0,0,10,0,0,0,83308,31,3,any
perf_out_v5/metrics/stencil_S1_t128_bind_close_il,107,628069,6340608,5591871,0,0,13,0,0,0,79349,26,3,any
perf_out_v5/metrics/stencil_S1_t128_bind_close_il,108,628070,5893072,5589338,0,0,86,0,568,67,87757,567,3,any
perf_out_v5/metrics/stencil_S1_t128_bind_close_il,109,628071,6412127,5596952,0,0,7,0,0,0,81720,25,3,any
perf_out_v5/metrics/stencil_S1_t128_bind_close_il,110,628072,6376066,5594613,0,0,11,0,8,102,82157,113,3,any
perf_out_v5/metrics/stencil_S1_t128_bind_close_il,111,628073,6139816,5616355,0,0,1625,0,29,9,83161,90,3,any
perf_out_v5/metrics/stencil_S1_t128_bind_close_il,112,628074,5546116,5675885,0,0,1508,0,1181,72,85785,1106,3,any
perf_out_v5/metrics/stencil_S1_t128_bind_close_il,113,628075,6310682,5620536,0,0,58,0,0,0,81317,31,3,any
perf_out_v5/metrics/stencil_S1_t128_bind_close_il,114,628076,6278065,5626892,0,0,1,0,10,0,79926,38,3,any
perf_out_v5/metrics/stencil_S1_t128_bind_close_il,115,628077,6194761,5626767,0,0,43,0,13,24,79342,62,3,any
perf_out_v5/metrics/stencil_S1_t128_bind_close_il,116,628078,5962756,5627837,0,0,49,0,18,32,85249,73,3,any
perf_out_v5/metrics/stencil_S1_t128_bind_close_il,117,628079,6368056,5629226,0,0,11,0,0,0,80119,29,3,any
perf_out_v5/metrics/stencil_S1_t128_bind_close_il,118,628080,6261906,5601396,0,0,2,0,8,0,83210,66,3,any
perf_out_v5/metrics/stencil_S1_t128_bind_close_il,119,628081,6064278,5597656,0,0,27,0,1885,51,78472,1658,3,any
perf_out_v5/metrics/stencil_S1_t128_bind_close_il,120,628082,5993503,5659755,0,0,17,0,2467,62,82805,2128,3,any
perf_out_v5/metrics/stencil_S1_t128_bind_close_il,121,628083,6475268,5647253,0,0,147,0,1,0,76884,38,3,any
perf_out_v5/metrics/stencil_S1_t128_bind_close_il,122,628084,6490545,5652043,0,0,0,0,4,0,75123,39,3,any
perf_out_v5/metrics/stencil_S1_t128_bind_close_il,123,628085,6428118,5666187,0,0,24,0,2,0,82572,24,3,any
perf_out_v5/metrics/stencil_S1_t128_bind_close_il,124,628086,6058711,5717618,0,0,226,0,608,107,75803,654,3,any
perf_out_v5/metrics/stencil_S1_t128_bind_close_il,125,628087,6487988,5646294,0,0,36,0,0,4,77479,42,3,any
perf_out_v5/metrics/stencil_S1_t128_bind_close_il,126,628088,6522067,5713717,0,0,13,0,27,0,78540,46,3,any
perf_out_v5/metrics/stencil_S1_t128_bind_close_il,127,628089,6395471,5712337,0,0,321,0,7,2,78229,44,3,any
